name,capacity,IFOR,category,type,subsystem,fuel
NORACID,17.5,0.088667251,conventional,thermal,SEN,
CTA Biomasa,165,0.0889,conventional,thermal,SEN,
CTH biomasa,170,0.1387,conventional,thermal,SEN,
TG3_Diesel,47.2,0.4372,conventional,thermal,SEN,
U16_TG_TV_GNL,347,0.0824,conventional,thermal,SEN,
CC1_Diesel,397.3,0.0126,conventional,thermal,SEN,
CC2_Diesel,387.2,0.0395,conventional,thermal,SEN,
CTM3_TG_TV_GNL,248.3,0.0334,conventional,thermal,SEN,
KELAR_2TG_TV_GNL,551.7,0.0107,conventional,thermal,SEN,
Taltal_01_GNL,123.2,0.109,conventional,thermal,SEN,
Taltal_02_GNL,121.3,0.1326,conventional,thermal,SEN,
Nehuenco_03,92,0.2102,conventional,thermal,SEN,
San_Isidro_GNL,354,0.0267,conventional,thermal,SEN,
San_Isidro_Diesel,330.7,0.0267,conventional,thermal,SEN,
Quintero_01_CA_GNL,127.1,0.0566,conventional,thermal,SEN,
Quintero_02_CA_GNL,128.1,0.0363,conventional,thermal,SEN,
Nueva_Renca_GNL,321.1,0.05,conventional,thermal,SEN,
Candelaria_U1_GNL,124.7,0.0845,conventional,thermal,SEN,
Candelaria_U2_GNL,128,0.0518,conventional,thermal,SEN,
Colmito_Diesel,57.7,0.0345,conventional,thermal,SEN,
Santa_Lidia,137.6,0.0202,conventional,thermal,SEN,
Cardones_Diesel,154.2,0,conventional,thermal,SEN,
Los_Vientos_diesel,131.9,0.0128,conventional,thermal,SEN,
Los_Guindos,138.3,0.082322139,conventional,thermal,SEN,
Los_Pinos,102.8,0.020770483,conventional,thermal,SEN,
CenAlto_Jahuel_Biomass_1,14.4,0.088667251,conventional,thermal,SEN,
CenCharrua_Biomass_1,58.4,0.088667251,conventional,thermal,SEN,
CenCharrua_Biomass_2,120.5,0.088667251,conventional,thermal,SEN,
CenCharrua_Biomass_3,23.6,0.088667251,conventional,thermal,SEN,
CenItahue_Biomass_1,10.2,0.088667251,conventional,thermal,SEN,
CenItahue_Biomass_2,45.6,0.088667251,conventional,thermal,SEN,
CenItahue_Biomass_3,12,0.088667251,conventional,thermal,SEN,
CenMelipilla_Biomass_1,8.2,0.088667251,conventional,thermal,SEN,
CenPolpaico_Biomass_1,20.2,0.088667251,conventional,thermal,SEN,
CenValdivia-Ciruelos_Biomass_1,14.8,0.088667251,conventional,thermal,SEN,
CenValdivia-Ciruelos_Biomass_2,4.6,0.088667251,conventional,thermal,SEN,
TGTAR,28.7,0.220335931,conventional,thermal,SEN,
TG1,28.4,0.84468833,conventional,thermal,SEN,
TG2,28.4,0.849286465,conventional,thermal,SEN,
CERRO PABELLON U1 U2,48.2,0,conventional,thermal,SEN,
ENAP_Aconcagua,42,0.088667251,conventional,thermal,SEN,
CERRO PABELLON U3,33,0,conventional,thermal,SEN,
ARICA_M1,1.88572322,0.2541,conventional,thermal,SEN,
ARICA_M,1.54979981,0.088667251,conventional,thermal,SEN,
ARICA_GM,6.3008817,0.5629,conventional,thermal,SEN,
IEM CA GNL,375,0.0373,conventional,thermal,SEN,
Los_Guindos_2,138.3,0.029,conventional,thermal,SEN,
MAPA,166,0.088667251,conventional,thermal,SEN,
Quitralman,2,0.088667251,conventional,thermal,SEN,
PMGD TER MAPOCHO TREBAL AMPL,4.5,0.088667251,conventional,thermal,SEN,
PMGD TER MOLINA,1,0.088667251,conventional,thermal,SEN,
PMGD TER Lomas Coloradas,3.4,0.088667251,conventional,thermal,SEN,
Nehuenco_01_Garg,380.8,0.0262,conventional,thermal,SEN,
Nehuenco_02_Garg,393.27,0.0425,conventional,thermal,SEN,
AGUAS_BLANCAS,1.781325,0.0652,conventional,thermal,SEN,
ANDES_U1_DIE,6.040251142,#REF!,conventional,thermal,SEN,
ANDES_U2_DIE,6.040251142,#REF!,conventional,thermal,SEN,
ANDES_U3_DIE,6.040251142,#REF!,conventional,thermal,SEN,
ANDES_U4_DIE,12.08050228,#REF!,conventional,thermal,SEN,
ANTILHUE_U1,48.81978542,#REF!,conventional,thermal,SEN,
ANTILHUE_U2,48.81014677,#REF!,conventional,thermal,SEN,
CALLECALLE,9.732600294,#REF!,conventional,thermal,SEN,
CELCO_BL2,2.898978453,#REF!,conventional,thermal,SEN,
CEMENTOS_BIOBIO_DIE,12.0497396,#REF!,conventional,thermal,SEN,
CENIZAS,4.995281075,0,conventional,thermal,SEN,
CHAGUAL,94.10284539,0.0001,conventional,thermal,SEN,
CHILOE,9.034403834,0.038357344,conventional,thermal,SEN,
CHOLGUAN_BL2,3.922958904,#REF!,conventional,thermal,SEN,
CHUYACA,10.49697361,0.532202125,conventional,thermal,SEN,
COLIHUES_U1_DIE,9.208975941,#REF!,conventional,thermal,SEN,
COLIHUES_U2_DIE,9.208975941,0.1498,conventional,thermal,SEN,
COMBARBALA,71.43688839,0.01,conventional,thermal,SEN,
CONCON,2.217873592,0,conventional,thermal,SEN,
CONSTITUCION-EGEN,8.578476598,#REF!,conventional,thermal,SEN,
CORONEL_DIE,39.49323139,#REF!,conventional,thermal,SEN,
DEGAN,32.58727132,0,conventional,thermal,SEN,
DEGAN_2_NAVE4,8.472690543,#REF!,conventional,thermal,SEN,
DEGAN_2_NAVE5,4.768604037,#REF!,conventional,thermal,SEN,
DIEGO_DE_ALMAGRO,23.48110718,0.113797794,conventional,thermal,SEN,
EL_PENON,80.68903935,0,conventional,thermal,SEN,
EL_SALVADOR,17.68373892,0.164077952,conventional,thermal,SEN,
EL_TOTORAL,2.938299391,0.069779398,conventional,thermal,SEN,
EMELDA_U1,35.79849919,#REF!,conventional,thermal,SEN,
EMELDA_U2,33.88171659,#REF!,conventional,thermal,SEN,
ERSA_BIOBIO,19.59124623,0.092378663,conventional,thermal,SEN,
ESPERANZA_DS1,1.593733333,0.0163,conventional,thermal,SEN,
ESPERANZA_DS2,1.788558842,0.00017,conventional,thermal,SEN,
ESPERANZA_TG1,18.61165644,#REF!,conventional,thermal,SEN,
ESPINOS_BL1,99.64945517,#REF!,conventional,thermal,SEN,
ESPINOS_BL2,23.91586924,#REF!,conventional,thermal,SEN,
HORCONES_DIE,24.12750033,#REF!,conventional,thermal,SEN,
HUASCO-TG_U1_DIE,18.93825227,#REF!,conventional,thermal,SEN,
HUASCO-TG_U2_DIE,18.93825227,#REF!,conventional,thermal,SEN,
HUASCO-TG_U3_DIE,18.93825227,#REF!,conventional,thermal,SEN,
INACAL,6.016725,#REF!,conventional,thermal,SEN,
KELAR-TG1+TG2+TV_DIE,406.40769,#REF!,conventional,thermal,SEN,
LA_PORTADA,2.89185,#REF!,conventional,thermal,SEN,
LAS_VEGAS,2.034516974,0,conventional,thermal,SEN,
LINARES,0.456031649,#REF!,conventional,thermal,SEN,
LLANOS_BLANCOS,149.5618926,#REF!,conventional,thermal,SEN,
MAITENCILLO,60.55801254,#REF!,conventional,thermal,SEN,
MANTOS_BLANCOS,23.1834825,0.419788,conventional,thermal,SEN,
MAULE,5.967291667,0.137044968,conventional,thermal,SEN,
NEWEN_DIE,11.75622363,#REF!,conventional,thermal,SEN,
NEWEN_PRO,11.84449562,#REF!,conventional,thermal,SEN,
NUEVA_ALDEA_2,10,#REF!,conventional,thermal,SEN,
OLIVOS_BL1,87.84036821,#REF!,conventional,thermal,SEN,
OLIVOS_BL2,24.5953031,#REF!,conventional,thermal,SEN,
PAJONALES,95.24918451,#REF!,conventional,thermal,SEN,
PLACILLA,2.940659665,0.018546827,conventional,thermal,SEN,
PUNTA_COLORADA_DIE,16.35322727,#REF!,conventional,thermal,SEN,
QUINTAY,2.909179033,0.3455215,conventional,thermal,SEN,
RENCA_U1,47.49486428,#REF!,conventional,thermal,SEN,
RENCA_U2,47.13501725,#REF!,conventional,thermal,SEN,
SAN_GREGORIO,0.482821347,0.181279507,conventional,thermal,SEN,
SAN_JAVIER_1,23.81229613,#REF!,conventional,thermal,SEN,
SAN_JAVIER_2,23.81229613,#REF!,conventional,thermal,SEN,
SAN_LORENZO_U1,29.00803971,#REF!,conventional,thermal,SEN,
SAN_LORENZO_U2,25.84043772,#REF!,conventional,thermal,SEN,
SAN_LORENZO_U3,7.344439954,#REF!,conventional,thermal,SEN,
SANTA_FE_BL4,10.12236008,#REF!,conventional,thermal,SEN,
TENO,57.85674985,0,conventional,thermal,SEN,
TENO_GAS_GLP,40.033,#REF!,conventional,thermal,SEN,
TERMOPACIFICO,85.96108406,#REF!,conventional,thermal,SEN,
TRAPEN,78.76584855,0.000664544,conventional,thermal,SEN,
TRINCAO,12.78372021,0.136440087,conventional,thermal,SEN,
UJINA_U1_DIE,6.09375,#REF!,conventional,thermal,SEN,
UJINA_U2_DIE,6.201,#REF!,conventional,thermal,SEN,
UJINA_U3_DIE,5.99625,#REF!,conventional,thermal,SEN,
UJINA_U4_DIE,5.97675,#REF!,conventional,thermal,SEN,
VALDIVIA_BL4_EUCA,36.92107091,#REF!,conventional,thermal,SEN,
VALDIVIA_BL4_PINO,17.53750868,#REF!,conventional,thermal,SEN,
YUNGAY_U1_DIE,52.14694575,#REF!,conventional,thermal,SEN,
YUNGAY_U2_DIE,54.41205278,#REF!,conventional,thermal,SEN,
YUNGAY_U3_DIE,54.09675645,#REF!,conventional,thermal,SEN,
YUNGAY_U4_DIE,36.56590685,#REF!,conventional,thermal,SEN,
HE_RALCO,641.7,0.0048,hydro,reservoir,SEN,
HE_PEHUENCHE,511.5,0.0109,hydro,reservoir,SEN,
HE_PANGUE,418.5,0.0168,hydro,reservoir,SEN,
HE_COLBUN,425.01,0.0084,hydro,reservoir,SEN,
HE_ELTORO,418.5,0.005,hydro,reservoir,SEN,
HE_RAPEL,348.75,0.0209,hydro,reservoir,SEN,
HS_ANGOSTURA,323.8,0.0039,hydro,serie,SEN,
HS_ANTUCO,320,0.0055,hydro,serie,SEN,
HP_LAS_LAJAS,267,0.003149717,hydro,ror,SEN,
HP_ALFALFAL_2,264,0.003149717,hydro,ror,SEN,
HS_RUCUE,178.4,0.0072,hydro,serie,SEN,
HP_ALFALFAL,178,0.003821235,hydro,serie,SEN,
HE_CANUTILLAR,158.286,0.0044,hydro,reservoir,SEN,
HS_LA_CONFLUENCIA,163.2,0.0143,hydro,reservoir,SEN,
HS_LA_HIGUERA,155,0.0383,hydro,reservoir,SEN,
HS_LOS_CONDORES,150,0.01328889,hydro,serie,SEN,
B_MAULE,140,0,hydro,nodos_hidro,SEN,
HS_CHACAYES,111.72,0.0149,hydro,reservoir,SEN,
HE_CIPRESES,105,0.0141,hydro,reservoir,SEN,
LMAULE,100,0,hydro,reservoir,SEN,
HS_MACHICURA,90,0.0006,hydro,serie,SEN,
HS_ABANICO,136,0.0055,hydro,serie,SEN,
HS_CURILLINQUE,87,0.0065,hydro,serie,SEN,
HP_PEUCHEN,85.6,0.0009,hydro,reservoir,SEN,
HP_SAUZAL,76.8,0.0095,hydro,reservoir,SEN,
HS_QUILLECO,70,0.0004,hydro,serie,SEN,
HS_ISLA,69,0.0134,hydro,serie,SEN,
HS_HORNITOS,55,0.0201,hydro,reservoir,SEN,
HP_EL_PASO,60,0.0149,hydro,reservoir,SEN,
HS_RUCATAYO,55,0.0026,hydro,serie,SEN,
HP_MAMPIL,55,0.0006,hydro,reservoir,SEN,
HS_BLANCO,57,0.0165,hydro,reservoir,SEN,
HP_PULLINQUE,51.4,0.0033,hydro,reservoir,SEN,
B_C_ISLA,50,0,hydro,nodos_hidro,SEN,
HP_QUELTEHUES,48,0.007030444,hydro,reservoir,SEN,
B_M_ISLA,48,0,hydro,nodos_hidro,SEN,
HE_PILMAIQUEN,39,0.0215,hydro,reservoir,SEN,
HP_SAN_ANDRES,40,0.0189,hydro,reservoir,SEN,
HS_LOMA_ALTA,39,0.0035,hydro,serie,SEN,
HS_LOS_QUILOS,39.9,0.0106,hydro,serie,SEN,
HS_LA_MINA,37.16,0.0137,hydro,serie,SEN,
HS_SAN_IGNACIO,36,0.0035,hydro,serie,SEN,
HS_LAJA_1,34.30368,0.0027,hydro,reservoir,SEN,
HS_PALMUCHO,32,0.0107,hydro,serie,SEN,
HS_JUNCAL,32,0.0209,hydro,reservoir,SEN,
HP_MAITENES,31,0.021971228,hydro,reservoir,SEN,
HS_CHACABUQUITO,25.7,0.008,hydro,serie,SEN,
HS_LOS_HIERROS,25.06,0.0265,hydro,serie,SEN,
HS_ANCOA,24.656,0.0087,hydro,ror,SEN,
HP_PUNTILLA,22.2,0.0284,hydro,ror,SEN,
TUCAPEL,20,0,hydro,nodos_hidro,SEN,
HP_ITATA,20,0.0339,hydro,ror,SEN,
HP_FLORIDA_2,20,0.0333,hydro,ror,SEN,
HS_CHIBURGO,19.4,0.0038,hydro,serie,SEN,
HP_PICOIQUEN,19.2,0.002,hydro,ror,SEN,
C_MELADO,19,0,hydro,nodos_hidro,SEN,
HP_LIRCAY,19,0.0073,hydro,ror,SEN,
HP_CARILAFQUEN,19.8,0.0728,hydro,ror,SEN,
HP_LICAN,17,0.0008,hydro,reservoir,SEN,
HP_LOS_MOLLES,18,0.0054,hydro,reservoir,SEN,
HP_CUMBRES,14.9,0.0183,hydro,ror,SEN,
HP_CONVENTO_VIEJO,16,0.0206,hydro,ror,SEN,
HP_RIO_COLORADO,16.5,0.0166,hydro,ror,SEN,
HP_PROVIDENCIA,14,0.0148,hydro,ror,SEN,
HP_VOLCAN,14,0.004286176,hydro,ror,SEN,
HP_COYA,12,0.0862,hydro,reservoir,SEN,
HP_GUAYACAN,12,0.0069,hydro,ror,SEN,
HP_CAPULLO,12,0.002,hydro,ror,SEN,
HP_SAUZALITO,12,0.0057,hydro,ror,SEN,
HP_EL_PINAR,11.4,0.0136,hydro,ror,SEN,
HP_CHAPIQUINA,10.14,0.0066,hydro,ror,SEN,
HP_CARENA,10,0.0668,hydro,ror,SEN,
HP_MALALCAHUELLO,9.2,0.0403,hydro,ror,SEN,
HP_PULELFU,9,0.0031,hydro,ror,SEN,
HS_OJOS_DE_AGUA,9,0.0196,hydro,serie,SEN,
HP_BONITO_MC1,9,0.0057,hydro,ror,SEN,
HP_HIDROPALMAR,8,0.0136,hydro,ror,SEN,
HP_CORRENTOSO,8,0.0136,hydro,ror,SEN,
HP_AILLIN,7,0.02164677,hydro,ror,SEN,
HP_COLLIL,7,0.0019,hydro,ror,SEN,
HP_NALCAS,6.8,0.0108,hydro,ror,SEN,
HP_LA_ARENA,3,0.02164677,hydro,ror,SEN,
HP_RENAICO,6.24,0.0054,hydro,ror,SEN,
HP_FLORIDA_1,6,0.0005,hydro,ror,SEN,
HP_MARIPOSAS,6,0.0129,hydro,ror,SEN,
HP_DONGO,6,0.0103,hydro,ror,SEN,
HP_PUCLARO,5.6,0.023,hydro,ror,SEN,
HP_RIO_TRUENO,5.8,0.0047,hydro,ror,SEN,
HP_CUMPEO,5.76,0.0427,hydro,ror,SEN,
HP_RIO_HUASCO,5.1,0.0015,hydro,ror,SEN,
HP_LOS_BAJOS,5.601,0.0236,hydro,ror,SEN,
HS_SAN_CLEMENTE,5.5,0.0493,hydro,serie,SEN,
HP_AUX_DEL_MAIPO,5.1,0.0398,hydro,ror,SEN,
HP_DOS_VALLES,4.6,0.01,hydro,ror,SEN,
HS_LOS_HIERROS_2,6,0.0077,hydro,serie,SEN,
HP_EL_MANZANO,4.85,0.0072,hydro,ror,SEN,
HS_ROBLERIA,4,0.0126,hydro,serie,SEN,
HP_LA_PALOMA,4.6,0.0301,hydro,ror,SEN,
HP_MALLARAUCO,3.4,0.004,hydro,ror,SEN,
HP_CHANLEUFU,3.4,0.0059,hydro,ror,SEN,
HP_EL_CANELO,6.08,0.0043,hydro,ror,SEN,
HS_EL_DIUTO,3.25,0.0177,hydro,serie,SEN,
HP_CALLAO,3.3,0.0054,hydro,ror,SEN,
HP_LOS_MORROS,2.6,0.009,hydro,ror,SEN,
HP_PALACIOS,3.009,0.0104,hydro,ror,SEN,
HP_CH_CORRALES,3,0.0055,hydro,ror,SEN,
HP_EL_MIRADOR,3,0.0045,hydro,ror,SEN,
HP_MSA_1,3,0.0126,hydro,ror,SEN,
HP_MULCHEN,3,0.0465,hydro,ror,SEN,
HP_LA_MONTANA_1,3,0.0317,hydro,ror,SEN,
HP_TRANQUIL,2.9,0.0158,hydro,ror,SEN,
HP_BONITO_MC2,3.2,0.0015,hydro,ror,SEN,
HP_DON_WALTERIO,2.95,0.0084,hydro,ror,SEN,
HP_SANTA_ELENA,2.75,0.0381,hydro,ror,SEN,
HP_CAVANCHA,2.6,0.0024,hydro,ror,SEN,
HP_ALLIPEN,2.67,0.017,hydro,ror,SEN,
HP_LA_COMPANIA_2,5,0.0232,hydro,ror,SEN,
HP_EL_AGRIO,2.51,0.0083,hydro,ror,SEN,
HP_TRAILELFU,2.5,0.002,hydro,ror,SEN,
HP_FLORIDA_3,2.5,0.007,hydro,ror,SEN,
HP_MELO,2.97,0.0103,hydro,ror,SEN,
HP_LOS_PADRES,0.22,0.0036,hydro,ror,SEN,
HP_EL_COLORADO,2,0.0032,hydro,ror,SEN,
HP_BUREO,2.2,0.0166,hydro,ror,SEN,
HP_LA_MONTANA_2,1.9,0.0315,hydro,ror,SEN,
HP_LAS_VERTIENTES,1.66,0.1009,hydro,ror,SEN,
HP_EYZAGUIRRE,2.1,0.05,hydro,ror,SEN,
HP_RECA,1.6,0.0017,hydro,ror,SEN,
HP_LLEUQUEREO,1.755,0.02164677,hydro,ror,SEN,
HP_LAS_FLORES,1.6,0.0016,hydro,ror,SEN,
HP_ALTO_RENAICO,1.5,0.0111,hydro,ror,SEN,
HP_EL_GALPON,1.3,0.008,hydro,ror,SEN,
HP_MHSR,0.5,0.02164677,hydro,ror,SEN,
HP_EL_ARRAYAN,0.15,0.0221,hydro,ror,SEN,
HP_ENSENADA,6.6,0.0001,hydro,ror,SEN,
HP_PICHILONCO,1.2,0.0229,hydro,ror,SEN,
HP_CH_EL_ATAJO,1.1,0.0232,hydro,ror,SEN,
HP_MHAH,1.1,0.02164677,hydro,ror,SEN,
HP_MHT2,1.1,0.02164677,hydro,ror,SEN,
HP_CALIBORO,1.35,0.0082,hydro,ror,SEN,
HP_BOQUIAMARGO,1.1,0.0181,hydro,ror,SEN,
HP_EL_LLANO,2,0.0548,hydro,ror,SEN,
HP_LOS_CORRALES_2,1.035,0.022,hydro,ror,SEN,
HP_PEHUI,1.1,0.023,hydro,ror,SEN,
HP_RININAHUE,0.9,0.02164677,hydro,ror,SEN,
HP_SANTA_ISABEL,1.35,0.0123,hydro,ror,SEN,
HP_MUCHI,1,0.0301,hydro,ror,SEN,
HP_LOS_CORRALES_1,0.845,0.0055,hydro,ror,SEN,
HP_SAUCEANDES,1.4,0.0007,hydro,ror,SEN,
HP_TRUFULTRUFUL,0.85,0.0009,hydro,ror,SEN,
HP_MOLINERA_VILLARRICA,0.6,0.0183,hydro,ror,SEN,
HP_PIUTEL,0.54,0.0192,hydro,ror,SEN,
HP_MUNILQUE_2,0.55,0.019,hydro,ror,SEN,
HP_COSAPILLA,0.5,0.0232,hydro,ror,SEN,
HP_MUNILQUE_1,0.55,0.0165,hydro,ror,SEN,
HP_DONA_HILDA,0.3,0.0096,hydro,ror,SEN,
HP_PURISIMA,0.42,0.0028,hydro,ror,SEN,
HP_MAISAN,0.59,0.0004,hydro,ror,SEN,
HP_LA_VINA,0.6,0.0149,hydro,ror,SEN,
HP_CONTRA,0.33,0.0128,hydro,ror,SEN,
HP_MARIA_ELENA,0.305,0.1188,hydro,ror,SEN,
HP_EL_RINCON,0.3,0.0105,hydro,ror,SEN,
HP_DONGUIL,0.25,0.056,hydro,ror,SEN,
HP_BIFURCADA,0.24,0.015,hydro,ror,SEN,
HP_DOSAL,0.27,0.0196,hydro,ror,SEN,
HP_CURILEUFU,0.221,0.016,hydro,ror,SEN,
HP_EL_TARTARO,0.104,0.2289,hydro,ror,SEN,
BESS_ALFALFAL,59.25,0.002,hydro,reservoir,SEN,
HP_CH_ALTO_BONITO,2.5,0.029232189,hydro,ror,SEN,
HP_CHILCO,0.2,0.029232189,hydro,ror,SEN,
HP_EL_BRINCO,0.125,0.029232189,hydro,ror,SEN,
HP_HIDROMOCHO,15,0.029232189,hydro,ror,SEN,
HP_LA_CONFIANZA,2.6,0.029232189,hydro,ror,SEN,
HP_MORAGA,2,0.029232189,hydro,ror,SEN,
HP_PANGUIPULLI,0.35,0.029232189,hydro,ror,SEN,
HP_PIEDRAS_NEGRAS,3,0.029232189,hydro,ror,SEN,
HP_QUILLAILEO,0.83,0.029232189,hydro,ror,SEN,
HP_SAN_JOSE,2,0.029232189,hydro,ror,SEN,
HP_SAN_LUIS,2,0.029232189,hydro,ror,SEN,
HP_TRUPAN,20,0.029232189,hydro,ror,SEN,
HP_CIPRESILLOS,9,0.029232189,hydro,ror,SEN,
HP_LAS_NIEVES,6.5,0.029232189,hydro,ror,SEN,
HP_CH_LOS_LAGOS,48.7,0.029232189,hydro,ror,SEN,
HP_RININAHUE_2,1,0.02164677,hydro,ror,SEN,
HP_DIGUA,20,0.029232189,hydro,ror,SEN,
CANELA_EO,18.15,0.0053,renewable,wind,SEN,
CANELA_2_EO,60,0.0009,renewable,wind,SEN,
MONTE_REDONDO_EO,48,0.0005,renewable,wind,SEN,
TOTORAL_EO,46,0.0002,renewable,wind,SEN,
PUNTA_COLORADA_EO,20,0.0182,renewable,wind,SEN,
UCUQUER_EO,6.965,0.0019,renewable,wind,SEN,
TALINAY_ORIENTE_EO,90,0.0025,renewable,wind,SEN,
CUEL_EO,33,0.0045,renewable,wind,SEN,
VALLE_DE_LOS_VIENTOS_EO,90,0.0007,renewable,wind,SEN,
EL_ARRAYAN_EO,115,0.004,renewable,wind,SEN,
SAN_PEDRO_EO,36,0.0024,renewable,wind,SEN,
LOS_CURUROS_EO,107.7,0.0065,renewable,wind,SEN,
UCUQUER_2_EO,10.185,0.0121,renewable,wind,SEN,
PUNTA_PALMERAS_EO,45,0.0022,renewable,wind,SEN,
TALTAL_EO,99,0.0007,renewable,wind,SEN,
TALINAY_PONIENTE_EO,60.6,0.0019,renewable,wind,SEN,
RAKI_EO,9,0.0059,renewable,wind,SEN,
HUAJACHE_EO,6,0.0018,renewable,wind,SEN,
LOS_BUENOS_AIRES_EO,24,0.0007,renewable,wind,SEN,
RENAICO_EO,88,0.0035,renewable,wind,SEN,
LAS_PENAS_EO,8,0.0014,renewable,wind,SEN,
SIERRA_GORDA_EO,110.619,0.0034,renewable,wind,SEN,
LA_ESPERANZA_EO,10.5,0.0015,renewable,wind,SEN,
SAN_JUAN_EO,189.4,0.0014,renewable,wind,SEN,
SAN_PEDRO_2_EO,65,0.0383,renewable,wind,SEN,
CABO_LEONES_1_EO,181.15,0.003,renewable,wind,SEN,
EL_ARREBOL_EO,9,0.0032,renewable,wind,SEN,
PUNTA_SIERRA_EO,81.185,0.0045,renewable,wind,SEN,
AURORA_EO,126.6,0.004,renewable,wind,SEN,
EL_MAITEN_EO,9,0.004,renewable,wind,SEN,
EL_NOGAL_EO,9,0.0075,renewable,wind,SEN,
SARCO_EO,167.56,0.004,renewable,wind,SEN,
LEBU_3_EO,5.25,0.0006,renewable,wind,SEN,
LEBU_EO,9.34,0.0006,renewable,wind,SEN,
SAN_GABRIEL_EO,180,0.004,renewable,wind,SEN,
LA_FLOR_EO,32.4,0.004,renewable,wind,SEN,
CABO_LEONES_2_EO,205.7,0.004,renewable,wind,SEN,
TOLPAN_SUR_EO,84,0.004,renewable,wind,SEN,
CABO_LEONES_3_EO,188.274,0.004,renewable,wind,SEN,
LA_ESTRELLA_EO,50,0.003183869,renewable,wind,SEN,
LOS_OLMOS_EO,100,0.0065,renewable,wind,SEN,
NEGRETE_EO,36,0.003183869,renewable,wind,SEN,
MALLECO_NORTE_EO,137.9,0.003183869,renewable,wind,SEN,
ALENA_EO,84,0.003183869,renewable,wind,SEN,
CALAMA_EO,150,0.003183869,renewable,wind,SEN,
MALLECO_SUR_EO,131.86,0.003183869,renewable,wind,SEN,
Cerro_Tigre_EO,184.8,0.003183869,renewable,wind,SEN,
TCHAMMA_EO,155.4,0.003183869,renewable,wind,SEN,
LOMAS_DE_DUQUECO_EO,57.4,0.003183869,renewable,wind,SEN,
PUELCHE_SUR_EO,152.4,0.003183869,renewable,wind,SEN,
LLANOS_DEL_VIENTO_EO,156.1,0.003183869,renewable,wind,SEN,
MESAMAVIDA_EO,60,0.0065,renewable,wind,SEN,
RENAICO_2_EO,144,0.003183869,renewable,wind,SEN,
CAMPO_LINDO_EO,67.4,0.003183869,renewable,wind,SEN,
LA_CABANA_E1F1_EO,47,0.004197068,renewable,wind,SEN,
CKHURI_EO,107.2,0.004197068,renewable,wind,SEN,
ATACAMA_EO,165.3,0.003183869,renewable,wind,SEN,
CALAMA_AMP_EO,12,0.003183869,renewable,wind,SEN,
CARDONAL_EO,32.9,0.003183869,renewable,wind,SEN,
MANANTIALES_EO,27.1,0.003183869,renewable,wind,SEN,
LOMAS_TALTAL_EO,342,0.004197068,renewable,wind,SEN,
LA_CABANA_E1F2_EO,57,0.004197068,renewable,wind,SEN,
SAN_MATIAS_EO,81.7,0.003183869,renewable,wind,SEN,
PUNTA_DE_TALCA_EO,80,0.003183869,renewable,wind,SEN,
CAMAN_EO,145.7,0.003183869,renewable,wind,SEN,
SAN_RARINCO_EO,99,0.004197068,renewable,wind,SEN,
HORIZONTE_EO,821,0.003183869,renewable,wind,SEN,
EL_CRUCE_EO,2.9,0.003183869,renewable,wind,SEN,
OCHS_EO,2.9,0.003183869,renewable,wind,SEN,
LEBU_NORTE_EO,9,0.003183869,renewable,wind,SEN,
CH2_BUTALCURA_EO,9,0.004197068,renewable,wind,SEN,
CH1_BUTALCURA_EO,9,0.004197068,renewable,wind,SEN,
TAMBO_REAL_FV,2.93,0.0052378,renewable,solar,SEN,
HORNITOS_FV,0.35,0.0070854,renewable,solar,SEN,
SDGx01_FV,1.258,0.0004843,renewable,solar,SEN,
ESPERANZA_FV,2.88,0.0041,renewable,solar,SEN,
SANTA_CECILIA_FV,3,0.0001,renewable,solar,SEN,
POZO_ALMONTE_2_FV,7.516,0.001,renewable,solar,SEN,
TECHOS_DE_ALTAMIRA_FV,0.15,0.0086271,renewable,solar,SEN,
LLANO_DE_LLAMPOS_FV,101.02,0.0035,renewable,solar,SEN,
SAN_ANDRES_FV,48.2,0.0001,renewable,solar,SEN,
LOMAS_COLORADAS_FV,2,0.0085492,renewable,solar,SEN,
PAMA_FV,1.99,0.0019,renewable,solar,SEN,
POZO_ALMONTE_3_FV,16,0.0021,renewable,solar,SEN,
LAS_TERRAZAS_FV,3,0.0071837,renewable,solar,SEN,
DIEGO_DE_ALMAGRO_FV,30,0.0113,renewable,solar,SEN,
MARIA_ELENA_FV,67.71,0.0023,renewable,solar,SEN,
JAMA_1_FV,30.24,0.0019,renewable,solar,SEN,
CHANARES_FV,36,0.0033,renewable,solar,SEN,
JAVIERA_FV,69,0.0006,renewable,solar,SEN,
LALACKAMA_FV,55.5,0.0051,renewable,solar,SEN,
SALVADOR_FV,68,0.010837,renewable,solar,SEN,
LALACKAMA_2_FV,16.3,0.0023,renewable,solar,SEN,
LOS_PUQUIOS_FV,2.47,0.0111189,renewable,solar,SEN,
LUNA_FV,2.68,0.0286326,renewable,solar,SEN,
POZO_ALMONTE_1_FV,9,0.007652094,renewable,solar,SEN,
PICA_FV,0.63,0.009088026,renewable,solar,SEN,
JAMA_2_FV,22.41,0.007652094,renewable,solar,SEN,
LAGUNILLA_FV,2.96,0.0112865,renewable,solar,SEN,
LUZ_DEL_NORTE_FV,141,0.0102,renewable,solar,SEN,
BELLAVISTA_FV,3,0.0944989,renewable,solar,SEN,
LA_CHAPEANA_FV,2.8,0.0037104,renewable,solar,SEN,
LAS_MOLLACAS_FV,2.8,0.0056058,renewable,solar,SEN,
SANTA_JULIA_FV,3,0.007652094,renewable,solar,SEN,
ANDES_FV,21,0.0036,renewable,solar,SEN,
CARRERA_PINTO_FV,90.93,0.0066,renewable,solar,SEN,
PAMPA_CAMARONES_FV,6,0.0029,renewable,solar,SEN,
TIL_TIL_FV,3,0.1343588,renewable,solar,SEN,
CHUCHINI_FV,2.88,0.0111189,renewable,solar,SEN,
EL_DIVISADERO_FV,3,0.0032999,renewable,solar,SEN,
LA_SILLA_FV,1.9,0.004,renewable,solar,SEN,
LOS_LOROS_FV,50,0.0079,renewable,solar,SEN,
CONEJO_FV,104,0.0082,renewable,solar,SEN,
ALTURAS_DE_OVALLE_FV,6,0.008819,renewable,solar,SEN,
HORMIGA_FV,2.54,0.0048082,renewable,solar,SEN,
PAMPA_SOLAR_NORTE_FV,69,0.0119,renewable,solar,SEN,
SAN_PEDRO_FV,3,0.0055,renewable,solar,SEN,
ESPERANZA_2_FV,9,0.0082357,renewable,solar,SEN,
NILHUE_FV,1.1,0.0054721,renewable,solar,SEN,
ANTAY_FV,9,0.0015,renewable,solar,SEN,
EL_BOCO_FV,7.7,0.0023944,renewable,solar,SEN,
LA_HUAYCA_2_FV,25.05,0.0061,renewable,solar,SEN,
URIBE_SOLAR_FV,50,0.0035236,renewable,solar,SEN,
PILOTO_CARDONES_FV,0.4,0.0009,renewable,solar,SEN,
BOLERO_1_FV,135.7,0.009088026,renewable,solar,SEN,
CORDILLERILLA_FV,1.43,0.0071643,renewable,solar,SEN,
EL_ROMERO_FV,196,0.0207,renewable,solar,SEN,
MARCHIGUE_2_FV,9,0.0111189,renewable,solar,SEN,
QUILAPILUN_FV,103.02,0.001,renewable,solar,SEN,
FINIS_TERRAE_FV,138,0.0056,renewable,solar,SEN,
CABILSOL_FV,3,0.0047478,renewable,solar,SEN,
CALAMA_1_FV,9,0.0111189,renewable,solar,SEN,
DONA_CARMEN_FV,34.542,0.0048,renewable,solar,SEN,
EL_PELICANO_FV,105.032,0.0022,renewable,solar,SEN,
LAS_TURCAS_FV,3,0.0031377,renewable,solar,SEN,
SAN_FRANCISCO_FV,3,0.007652094,renewable,solar,SEN,
HOMERO_FV,3,0.0077765,renewable,solar,SEN,
DON_EUGENIO_FV,3,0.0087211,renewable,solar,SEN,
EL_QUELTEHUE_FV,3,0.0111189,renewable,solar,SEN,
PUERTO_SECO_FV,9,0.0042,renewable,solar,SEN,
EL_ROBLE_FV,9,0.008512,renewable,solar,SEN,
FRANCISCO_FV,3,0.0085371,renewable,solar,SEN,
CHIMBARONGO_FV,3,0.0103928,renewable,solar,SEN,
EL_PILPEN_FV,3,0.0051771,renewable,solar,SEN,
LA_QUINTA_FV,3,0.004497,renewable,solar,SEN,
SANTUARIO_FV,3,0.0041673,renewable,solar,SEN,
VALLE_DE_LA_LUNA_2_FV,3,0.007407,renewable,solar,SEN,
LA_MANGA_1_FV,3.5,0.0234687,renewable,solar,SEN,
CHANCON_FV,2.99,0.0053699,renewable,solar,SEN,
CUZCUZ_FV,3,0.0043266,renewable,solar,SEN,
DAS_FV,8,0.007652094,renewable,solar,SEN,
EL_AGUILA_FV,2,0.0023,renewable,solar,SEN,
EL_PITIO_FV,3,0.0049244,renewable,solar,SEN,
EL_SAUCE_FV,3,0.0160905,renewable,solar,SEN,
LA_ACACIA_FV,8.5,0.007315,renewable,solar,SEN,
LOS_GORRIONES_FV,3,0.0044658,renewable,solar,SEN,
PANQUEHUE_2_FV,6,0.0089399,renewable,solar,SEN,
PERALILLO_FV,2.9,0.0058063,renewable,solar,SEN,
PORTEZUELO_FV,3,0.007652094,renewable,solar,SEN,
SANTIAGO_SOLAR_FV,90.83,0.0018082,renewable,solar,SEN,
AMPARO_DEL_SOL_FV,3,0.0053615,renewable,solar,SEN,
CERRO_DOMINADOR_FV,99.9,0.0022,renewable,solar,SEN,
OVEJERIA_FV,9,0.0060144,renewable,solar,SEN,
CATAN_SOLAR_FV,3,0.007652094,renewable,solar,SEN,
CHINCOL_FV,3,0.0059703,renewable,solar,SEN,
LA_FRONTERA_FV,4.8,0.0043806,renewable,solar,SEN,
LUDERS_FV,2.6,0.0053602,renewable,solar,SEN,
LUNA_DEL_NORTE_FV,2.96,0.0102,renewable,solar,SEN,
MOSTAZAL_FV,9,0.0053422,renewable,solar,SEN,
OCOA_FV,2.9,0.008554,renewable,solar,SEN,
PICURIO_FV,3,0.0059402,renewable,solar,SEN,
SOL_DEL_NORTE_FV,2.96,0.007652094,renewable,solar,SEN,
TALHUEN_FV,3,0.009696,renewable,solar,SEN,
VITUCO_2B_FV,3,0.0080361,renewable,solar,SEN,
LAS_MERCEDES_1_FV,3,0.0088038,renewable,solar,SEN,
BELLAVISTA_1_FV,9,0.0944989,renewable,solar,SEN,
EL_CERNICALO_1_FV,1.5,0.0044208,renewable,solar,SEN,
EL_CERNICALO_2_FV,1.5,0.004409,renewable,solar,SEN,
EL_QUEMADO_FV,3,0.0081824,renewable,solar,SEN,
ESTERO_FV,2.7,0.0088159,renewable,solar,SEN,
J_SOLER_M_FV,1.33,0.0081023,renewable,solar,SEN,
KONDA_FV,3,0.0111189,renewable,solar,SEN,
LAS_LECHUZAS_FV,3,0.0081762,renewable,solar,SEN,
LAS_ROJAS_FV,3,0.008883,renewable,solar,SEN,
LORETO_FV,2.97,0.0089,renewable,solar,SEN,
LOS_PALTOS_FV,2.5,0.0111189,renewable,solar,SEN,
LUCE_SOLAR_FV,2.9,0.0140955,renewable,solar,SEN,
MARCHIGUE_7_FV,3,0.0111189,renewable,solar,SEN,
MONTT_SOLAR_FV,3,0.0078777,renewable,solar,SEN,
PLACILLA_FV,9,0.0081762,renewable,solar,SEN,
PSF_LO_SIERRA_FV,3,0.0088975,renewable,solar,SEN,
RINCONADA_FV,8,0.0167947,renewable,solar,SEN,
RLA_FV,2.7,0.0103306,renewable,solar,SEN,
SANTA_LAURA_FV,3,0.0058306,renewable,solar,SEN,
TALCA_FV,9,0.0192873,renewable,solar,SEN,
TUCUQUERE_FV,3,0.0080909,renewable,solar,SEN,
VILLA_SECA_FV,3,0.0082432,renewable,solar,SEN,
PUNTA_BAJA_SOLAR_1_FV,2,0.0160103,renewable,solar,SEN,
ALICAHUE_FV,3,0.0150837,renewable,solar,SEN,
ALTO_SOLAR_FV,3,0.0072877,renewable,solar,SEN,
ARIZTIA_FV,2.8,0.080738,renewable,solar,SEN,
CACHIYUYO_FV,9,0.009088026,renewable,solar,SEN,
CALLE_LARGA_FV,3,0.00712,renewable,solar,SEN,
CRUCERO_FV,2.8,0.007652094,renewable,solar,SEN,
EL_PIQUERO_FV,3,0.0097091,renewable,solar,SEN,
ENCON_SOLAR_FV,8.64,0.0073476,renewable,solar,SEN,
LAS_PALOMAS_FV,3,0.0062875,renewable,solar,SEN,
LAUREL_FV,7.5,0.0084721,renewable,solar,SEN,
LIPANGUE_FV,3,0.0077376,renewable,solar,SEN,
LOS_PATOS_FV,3,0.0057818,renewable,solar,SEN,
MALAQUITA_SOLAR_FV,9,0.0144215,renewable,solar,SEN,
MARIN_FV,3,0.0070125,renewable,solar,SEN,
OLIVILLO_FV,9,0.0308491,renewable,solar,SEN,
POBLACION_FV,3,0.0081336,renewable,solar,SEN,
QUEULE_FV,7,0.0397635,renewable,solar,SEN,
RANGUIL_FV,2.8,0.0078777,renewable,solar,SEN,
RODEO_FV,2.9,0.0063911,renewable,solar,SEN,
SANTA_CLARA_FV,3,0.0276897,renewable,solar,SEN,
CRUZ_SOLAR_1_FV,3,0.0040712,renewable,solar,SEN,
ALTOS_TILTIL_FV,3,0.0078832,renewable,solar,SEN,
CANESA_1_FV,3,0.00803,renewable,solar,SEN,
CASUTO_FV,3,0.0087274,renewable,solar,SEN,
CHALINGA_FV,3,0.0078879,renewable,solar,SEN,
HUATACONDO_FV,88.1,0.0041,renewable,solar,SEN,
ILLAPEL_5_FV,3,0.0081497,renewable,solar,SEN,
LA_BLANQUINA_1_FV,9,0.0098588,renewable,solar,SEN,
LA_LAJUELA_FV,6.6,0.0076888,renewable,solar,SEN,
LAS_CODORNICES_FV,3,0.0078777,renewable,solar,SEN,
LAS_PERDICES_FV,3,0.0083598,renewable,solar,SEN,
NORTE_CHICO_1_FV,2,0.008859,renewable,solar,SEN,
PEDREROS_FV,3,0.0075304,renewable,solar,SEN,
SAN_ISIDRO_FV,3,0.0121299,renewable,solar,SEN,
SANTA_ADRIANA_FV,3,0.0464403,renewable,solar,SEN,
SANTA_ROSA_FV,9,0.0072806,renewable,solar,SEN,
JAURURO_FV,3,0.030382,renewable,solar,SEN,
VILLA_PRAT_FV,2.96,0.007652094,renewable,solar,SEN,
ROVIAN_FV,7,0.0080418,renewable,solar,SEN,
TRICA_DOS_FV,2.8,0.0111189,renewable,solar,SEN,
TRICAHUE_2_FV,9,0.0084934,renewable,solar,SEN,
DONIHUE_FV,7.5,0.0085246,renewable,solar,SEN,
PIRQUE_FV,2.8,0.0072782,renewable,solar,SEN,
VALLE_SOLAR_ESTE_FV,9,0.0200663,renewable,solar,SEN,
VALLE_SOLAR_OESTE_FV,9,0.028468,renewable,solar,SEN,
CHACABUCO_FV,9,0.0111,renewable,solar,SEN,
PULLALLI_FV,3,0.0111189,renewable,solar,SEN,
BICENTENARIO_FV,2.8,0.0111189,renewable,solar,SEN,
DON_JORGE_FV,3,0.007652094,renewable,solar,SEN,
EL_ROMERAL_FV,8,0.007652094,renewable,solar,SEN,
LAS_TORTOLAS_FV,3,0.007652094,renewable,solar,SEN,
LOS_PERALES_FV,3,0.0111189,renewable,solar,SEN,
LOS_TILOS_FV,3.5,0.009088026,renewable,solar,SEN,
PITRA_FV,3,0.0111189,renewable,solar,SEN,
PLAYERITO_FV,3,0.0111189,renewable,solar,SEN,
QUINANTU_FV,9,0.007652094,renewable,solar,SEN,
SANTA_CAROLINA_FV,3,0.011118923,renewable,solar,SEN,
VICTORIA_FV,9,0.0111189,renewable,solar,SEN,
EL_LITRE_2_FV,9,0.0111,renewable,solar,SEN,
ALMEYDA_FV,52.491,0.0041,renewable,solar,SEN,
ANDES_2A_FV,86.3,0.009088026,renewable,solar,SEN,
ANTONIA_FV,3,0.0111189,renewable,solar,SEN,
CANDELARIA_FV,3,0.0111,renewable,solar,SEN,
CITRINO_FV,2.8,0.0099253,renewable,solar,SEN,
DARLIN_FV,9,0.0111,renewable,solar,SEN,
DON_MARIANO_FV,2.8,0.0111189,renewable,solar,SEN,
ECLIPSE_FV,9,0.0111,renewable,solar,SEN,
GUADALAO_FV,3,0.0111189,renewable,solar,SEN,
LA_LIGUA_FV,3,0.0082493,renewable,solar,SEN,
LAS_CHACRAS_FV,3,0.0111189,renewable,solar,SEN,
LEMU_FV,5,0.0111,renewable,solar,SEN,
LLANOS_DE_POTROSO_FV,9,0.0111189,renewable,solar,SEN,
LO_MIRANDA_FV,6,0.0086688,renewable,solar,SEN,
LOS_GIRASOLES_FV,2.96,0.0111189,renewable,solar,SEN,
LOS_LIBERTADORES_FV,8,0.0581231,renewable,solar,SEN,
PARAGUAY_FV,9,0.0111189,renewable,solar,SEN,
PEPA_SOLAR_1_FV,9,0.0111189,renewable,solar,SEN,
PILPILEN_FV,2.7,0.0092876,renewable,solar,SEN,
PITOTOY_FV,3,0.0111189,renewable,solar,SEN,
QUELTEHUE_FV,3,0.0111189,renewable,solar,SEN,
SANTA_FE_FV,9,0.0111189,renewable,solar,SEN,
USYA_FV,55,0.0041,renewable,solar,SEN,
VILLA_CRUZ_FV,3,0.0111189,renewable,solar,SEN,
LLAY_LLAY_FV,9,0.007652094,renewable,solar,SEN,
NAHUEN_FV,9,0.007652094,renewable,solar,SEN,
COCHARCAS_FV,2.8,0.009088026,renewable,solar,SEN,
GRANJA_FV,105,0.0041,renewable,solar,SEN,
JAHUEL_FV,6,0.0111,renewable,solar,SEN,
LA_CHIMBA_BIS_FV,2.78,0.0111,renewable,solar,SEN,
COVADONGA_FV,9,0.0111,renewable,solar,SEN,
FILOMENA_FV,3,0.0111,renewable,solar,SEN,
PUENTE_FV,3,0.0111189,renewable,solar,SEN,
CATEMU_FV,2,0.0111,renewable,solar,SEN,
LUMBRERAS_FV,3,0.0111,renewable,solar,SEN,
EL_CONDOR_FV,1.3,0.0111189,renewable,solar,SEN,
GUANACO_1_FV,3,0.0111,renewable,solar,SEN,
NIQUEN_FV,3,0.009088026,renewable,solar,SEN,
SOL_DE_SEPTIEMBRE_FV,9,0.0111189,renewable,solar,SEN,
CANELILLO_FV,2.779,0.0111,renewable,solar,SEN,
COCINILLAS_FV,2.779,0.0111,renewable,solar,SEN,
SANTA_INES_FV,2.95,0.007652094,renewable,solar,SEN,
EL_SALITRAL_FV,2.97,0.0111189,renewable,solar,SEN,
PLAYERO_FV,3,0.0111189,renewable,solar,SEN,
UTFSM_VITACURA_FV,0.1,0.007652094,renewable,solar,SEN,
SAN_PEDRO_GPG_FV,104.49,0.009088026,renewable,solar,SEN,
CASABERMEJA_FV,6.9,0.007652094,renewable,solar,SEN,
CURACAVI_FV,2.7,0.007652094,renewable,solar,SEN,
DADINCO_FV,3,0.007652094,renewable,solar,SEN,
HUAPE_FV,2.8,0.007652094,renewable,solar,SEN,
KAUFMANN_FV,1,0.009088026,renewable,solar,SEN,
LA_MURALLA_FV,2.5,0.007652094,renewable,solar,SEN,
PRETTY_FIELD_FV,2.8,0.0111189,renewable,solar,SEN,
SALERNO_FV,2.8,0.007652094,renewable,solar,SEN,
SAN_CAMILO_FV,3,0.007652094,renewable,solar,SEN,
SANTA_ESTER_FV,3,0.007652094,renewable,solar,SEN,
SANTA_RITA_FV,2.7,0.007652094,renewable,solar,SEN,
SOL_SANTA_INES_FV,2.7,0.007652094,renewable,solar,SEN,
LA_FORESTA_FV,2.8,0.007652094,renewable,solar,SEN,
UTFSM_VALPARAISO_VALDES_FV,0.215,0.0111189,renewable,solar,SEN,
UTFSM_VINA_DEL_MAR_FV,0.5,0.0111189,renewable,solar,SEN,
ALTOS_DEL_PAICO_FV,2.1,0.0111189,renewable,solar,SEN,
CHUCAO_FV,2.7,0.0111,renewable,solar,SEN,
DON_ANDRONICO_FV,2.8,0.007652094,renewable,solar,SEN,
EL_RESPLANDOR_FV,2.63,0.0111,renewable,solar,SEN,
LA_ESTANCIA_FV,3,0.007652094,renewable,solar,SEN,
LIRIO_DE_CAMPO_FV,2.8,0.0111,renewable,solar,SEN,
LOMA_LOS_COLORADOS_FV,0.8,0.007652094,renewable,solar,SEN,
MARIA_PINTO_FV,3,0.0111189,renewable,solar,SEN,
QUILLAY_FV,3,0.0111189,renewable,solar,SEN,
SANTA_AMELIA_FV,3,0.0111189,renewable,solar,SEN,
TREBAL_SOLAR_FV,3,0.009088026,renewable,solar,SEN,
SOL_DE_DESIERTO_FV,225.51,0.007652094,renewable,solar,SEN,
MEMBRILLO_FV,2.5,0.007652094,renewable,solar,SEN,
ARGOMEDO_FV,8,0.009088026,renewable,solar,SEN,
BERRUECO_FV,9,0.009088026,renewable,solar,SEN,
LAS_TORCAZAS_FV,3,0.0111,renewable,solar,SEN,
LINGUE_FV,3,0.007652094,renewable,solar,SEN,
LO_BOZA_FV,0.8,0.007652094,renewable,solar,SEN,
MALINKE_FV,3,0.007652094,renewable,solar,SEN,
MECO_CHILLAN_FV,6,0.007652094,renewable,solar,SEN,
OVALLE_NORTE_FV,9,0.007652094,renewable,solar,SEN,
PAINE_FV,9,0.0111,renewable,solar,SEN,
PILAR_LOS_AMARILLOS_FV,3,0.0111189,renewable,solar,SEN,
RAUQUEN_FV,9,0.0111189,renewable,solar,SEN,
VENTURADA_FV,9,0.009088026,renewable,solar,SEN,
VILLA_ALEGRE_FV,9,0.007652094,renewable,solar,SEN,
CAIMI_FV,0.2,0.007652094,renewable,solar,SEN,
CURICURA_FV,9,0.007652094,renewable,solar,SEN,
EL_PIUQUEN_FV,3,0.0111,renewable,solar,SEN,
LAS_MAJADAS_FV,9,0.007652094,renewable,solar,SEN,
SANTA_ISABEL_FV,170.19,0.007652094,renewable,solar,SEN,
TAMARUGO_FV,3,0.007652094,renewable,solar,SEN,
PUELCHE_FV,2.6,0.007652094,renewable,solar,SEN,
VILLA_ALEMANA_FV,2.7,0.007652094,renewable,solar,SEN,
LA_PALMA_FV,9,0.007652094,renewable,solar,SEN,
LAS_TENCAS_FV,9,0.007652094,renewable,solar,SEN,
LOS_LAGOS_FV,2.2,0.0111,renewable,solar,SEN,
MERCURIO_SUR_FV,3,0.007652094,renewable,solar,SEN,
SATURNO_NORTE_FV,4.5,0.007652094,renewable,solar,SEN,
MUTUPIN_FV,9,0.007652094,renewable,solar,SEN,
SANTA_MARGARITA_FV,3,0.007652094,renewable,solar,SEN,
NUEVO_QUILLAGUA_FV,95.1,0.009088026,renewable,solar,SEN,
CORTIJO_FV,9,0.007652094,renewable,solar,SEN,
LINARES_SOLAR_FV,9,0.007652094,renewable,solar,SEN,
LOS_MAGNOLIOS_FV,3,0.009088026,renewable,solar,SEN,
ATACAMA_SOLAR_2_FV,150,0.007652094,renewable,solar,SEN,
ESFENA_FV,6,0.007652094,renewable,solar,SEN,
VICENTE_FV,2.8,0.009088026,renewable,solar,SEN,
EL_ZORZAL_FV,3,0.007652094,renewable,solar,SEN,
LA_HUELLA_FV,84,0.007652094,renewable,solar,SEN,
MALGARIDA_FV,204.32,0.007652094,renewable,solar,SEN,
GABARDO_VERANO_FV,3,0.007652094,renewable,solar,SEN,
LOS_MOLINOS_FV,9,0.007652094,renewable,solar,SEN,
NAZARINO_VERANO_FV,3,0.007652094,renewable,solar,SEN,
CONDOR_PELVIN_FV,3,0.007652094,renewable,solar,SEN,
EL_MONTE_FV,3,0.007652094,renewable,solar,SEN,
ESCORIAL_VERANO_FV,3,0.007652094,renewable,solar,SEN,
SAN_RAMIRO_FV,9,0.007652094,renewable,solar,SEN,
MOYA_FV,9,0.007652094,renewable,solar,SEN,
SOL_DE_LOS_ANDES_FV,82.36,0.007652094,renewable,solar,SEN,
QUETENA_FV,9,0.007652094,renewable,solar,SEN,
LA_CRUZ_SOLAR_FV,52.0201,0.0040712,renewable,solar,SEN,
RIO_ESCONDIDO_FV,160.65,0.007652094,renewable,solar,SEN,
TAMAYA_FV,115.03,0.007652094,renewable,solar,SEN,
AZABACHE_FV,59.8,0.007652094,renewable,solar,SEN,
SAN_ANTONIO_FV,9,0.007652094,renewable,solar,SEN,
MELI_FV,9,0.007652094,renewable,solar,SEN,
CASTANO_FV,8.6,0.007652094,renewable,solar,SEN,
GR_PEUMO_FV,8,0.0111,renewable,solar,SEN,
GR_PITAO_FV,9,0.0111,renewable,solar,SEN,
LAS_CABRAS_FV,2.77,0.0111,renewable,solar,SEN,
ORION_FV,3,0.0111,renewable,solar,SEN,
PEGASUS_FV,3,0.009088026,renewable,solar,SEN,
PENCAHUE_ESTE_FV,2.5,0.009088026,renewable,solar,SEN,
SAN_JAVIER_FV,6,0.007652094,renewable,solar,SEN,
SLK_808_FV,3,0.009088026,renewable,solar,SEN,
TARANTO_FV,9,0.0111189,renewable,solar,SEN,
TRINIDAD_FV,3,0.009088026,renewable,solar,SEN,
VILLA_FV,2.739,0.009088026,renewable,solar,SEN,
ERINOME_FV,2.9,0.007652094,renewable,solar,SEN,
GUADALUPE_FV,5.6,0.007652094,renewable,solar,SEN,
MARAMBIO_FV,2.7,0.007652094,renewable,solar,SEN,
PACHIRA_FV,9,0.007652094,renewable,solar,SEN,
REXNER_FV,3,0.007652094,renewable,solar,SEN,
SANTA_LUISA_FV,2.6,0.007652094,renewable,solar,SEN,
SAN_CARLOS_FV,2.6,0.009088026,renewable,solar,SEN,
MANAO_FV,3,0.007652094,renewable,solar,SEN,
DEL_DESIERTO_FV,9,0.007652094,renewable,solar,SEN,
LOS_ANDES_FV,9,0.007652094,renewable,solar,SEN,
LOS_TORDOS_FV,5,0.007652094,renewable,solar,SEN,
SOL_DEL_NORTE_ANDES_FV,8.6,0.009088026,renewable,solar,SEN,
TREBO_FV,3,0.007652094,renewable,solar,SEN,
GUANCHOI_FV,369.6,0.009088026,renewable,solar,SEN,
GRANADA_FV,9,0.0111,renewable,solar,SEN,
PAMPA_TIGRE_FV,103.65,0.007652094,renewable,solar,SEN,
VALLE_ESCONDIDO_FV,107.66,0.007652094,renewable,solar,SEN,
AEROPUERTO_FV,5.5,0.007652094,renewable,solar,SEN,
ANAKENA_FV,9,0.007652094,renewable,solar,SEN,
AVEL_FV,9,0.007652094,renewable,solar,SEN,
BULNES_LOS_BARONES_FV,2.9,0.007652094,renewable,solar,SEN,
CACHANAS_FV,9,0.007652094,renewable,solar,SEN,
CANTERA_FV,2.9,0.007652094,renewable,solar,SEN,
CASTILLA_FV,2.8,0.007652094,renewable,solar,SEN,
CHIMBARONGO_NIEBLA_FV,9,0.009088026,renewable,solar,SEN,
COLCHAGUA_FV,2.7,0.007652094,renewable,solar,SEN,
COLTAUCO_ALMENDRO_FV,2.9,0.007652094,renewable,solar,SEN,
DON_ENRIQUE_FV,9,0.007652094,renewable,solar,SEN,
FARAMALLA_FV,3,0.007652094,renewable,solar,SEN,
FARDELA_NEGRA_FV,3,0.007652094,renewable,solar,SEN,
FOSTER_FV,3,0.007652094,renewable,solar,SEN,
FULGOR_FV,2.6,0.007652094,renewable,solar,SEN,
GABRIELA_FV,9,0.007652094,renewable,solar,SEN,
GRANATE_FV,9,0.007652094,renewable,solar,SEN,
GUARANA_FV,3,0.007652094,renewable,solar,SEN,
LA_COLONIA_FV,9,0.007652094,renewable,solar,SEN,
LOICA_FV,3,0.007652094,renewable,solar,SEN,
MANDINGA_FV,9,0.007652094,renewable,solar,SEN,
MITCHI_FV,9,0.007652094,renewable,solar,SEN,
NANCAGUA_FV,6,0.007652094,renewable,solar,SEN,
PEQUEN_FV,2.9,0.007652094,renewable,solar,SEN,
RECOLETA_FV,9,0.007652094,renewable,solar,SEN,
SANTA_FRANCISCA_FV,6,0.007652094,renewable,solar,SEN,
SUNHUNTER_FV,9,0.007652094,renewable,solar,SEN,
ALCALDESA_FV,6,0.007652094,renewable,solar,SEN,
ALHUE_FV,6,0.007652094,renewable,solar,SEN,
ASTILLAS_FV,9,0.007652094,renewable,solar,SEN,
AVILES_FV,8.3,0.007652094,renewable,solar,SEN,
CABRERO_FV,9,0.007652094,renewable,solar,SEN,
CAMPOS_DEL_SOL_FV,381,0.007652094,renewable,solar,SEN,
CAPRICORNIO_FV,90.37,0.007652094,renewable,solar,SEN,
CARACAS_2_FV,9,0.007652094,renewable,solar,SEN,
COYA_FV,180,0.007652094,renewable,solar,SEN,
DIEGO_ALMAGRO_SUR_FV,205,0.007652094,renewable,solar,SEN,
DOMEYKO_FV,203.877,0.007652094,renewable,solar,SEN,
EL_FLAMENCO_FV,9,0.007652094,renewable,solar,SEN,
ICB_FV,0.3,0.007652094,renewable,solar,SEN,
LAS_CATITAS_FV,9,0.007652094,renewable,solar,SEN,
MACHICURA_FV,9,0.007652094,renewable,solar,SEN,
NIHUE_FV,2.9,0.007652094,renewable,solar,SEN,
PASTRAN_FV,9,0.007652094,renewable,solar,SEN,
RINCONADA_ALCONES_FV,9,0.009088026,renewable,solar,SEN,
SLK_CB_NUEVE_FV,3,0.007652094,renewable,solar,SEN,
SOL_DE_LILA_FV,152.28,0.007652094,renewable,solar,SEN,
TENO_FV,7.4,0.007652094,renewable,solar,SEN,
VALLE_DEL_SOL_FV,149.9,0.007652094,renewable,solar,SEN,
AROMO_VERANO_FV,3,0.007652094,renewable,solar,SEN,
CABILDO_FV,9,0.007652094,renewable,solar,SEN,
CANTILLANA_FV,9,0.009088026,renewable,solar,SEN,
CAUQUENES_FV,3,0.007652094,renewable,solar,SEN,
CONDOR_CHEPICA_FV,3,0.007652094,renewable,solar,SEN,
DUQUECO_FV,9,0.007652094,renewable,solar,SEN,
EL_HUASO_FV,2.7,0.009088026,renewable,solar,SEN,
EL_OLIVAR_FV,9,0.007652094,renewable,solar,SEN,
EL_SHARON_FV,3,0.007652094,renewable,solar,SEN,
IDAHUE_DEL_VERANO_FV,3,0.007652094,renewable,solar,SEN,
ITIHUE_FV,9,0.007652094,renewable,solar,SEN,
JAVIERA_CARRERA_FV,9,0.007652094,renewable,solar,SEN,
LA_VICTORIA_FV,9,0.0111189,renewable,solar,SEN,
LAS_PALMAS_DEL_VERANO_FV,2.8,0.007652094,renewable,solar,SEN,
LITORAL_FV,9,0.007652094,renewable,solar,SEN,
LOS_CANONES_SUNLIGHT_FV,9,0.007652094,renewable,solar,SEN,
LOS_TAURETES_FV,3,0.007652094,renewable,solar,SEN,
MILAN_A_FV,3,0.009088026,renewable,solar,SEN,
PALTO_SUNLIGHT_FV,9,0.007652094,renewable,solar,SEN,
PARQUE_VALPARAISO_FV,6,0.007652094,renewable,solar,SEN,
PLOMO_DEL_VERANO_FV,2.4,0.007652094,renewable,solar,SEN,
SAN_JOSE_FV,3,0.007652094,renewable,solar,SEN,
SANTA_EMILIA_FV,9,0.007652094,renewable,solar,SEN,
TIERRA_FV,8,0.007652094,renewable,solar,SEN,
SANTA_CRUZ_FV,9,0.009088026,renewable,solar,SEN,
LAS_TORTOLAS_DEL_VERANO_FV,9,0.009088026,renewable,solar,SEN,
SANTA_ELIZABETH_FV,9,0.009088026,renewable,solar,SEN,
RATULEMUS_FV,3,0.009088026,renewable,solar,SEN,
CKILIR_FV,9,0.007652094,renewable,solar,SEN,
NAN_FV,6.7,0.007652094,renewable,solar,SEN,
EL_TIUQUE_FV,1.5,0.007652094,renewable,solar,SEN,
LOS_JOTES_FV,3,0.007652094,renewable,solar,SEN,
PUANGUE_FV,4,0.007652094,renewable,solar,SEN,
TORINO_FV,8,0.009088026,renewable,solar,SEN,
MESETA_DE_LOS_ANDES_FV,152.5,0.007652094,renewable,solar,SEN,
PENAFLOR_FV,9,0.007652094,renewable,solar,SEN,
FLORENCIA_FV,9,0.009088026,renewable,solar,SEN,
ALCON_FV,9,0.009088026,renewable,solar,SEN,
PICUNCHE_FV,9,0.009088026,renewable,solar,SEN,
RDCL_SAN_FV,7.5,0.009088026,renewable,solar,SEN,
PSF_HORIZONTE_FV,6,0.009088026,renewable,solar,SEN,
ALBOR_FV,5.2,0.009088026,renewable,solar,SEN,
DON_RODRIGO_FV,4.5,0.009088026,renewable,solar,SEN,
BERGAMO_FV,3.8,0.009088026,renewable,solar,SEN,
HELIOS_FV,3,0.009088026,renewable,solar,SEN,
VILLA_MOSCOSO_FV,3,0.009088026,renewable,solar,SEN,
CONDOR_PETORCA_FV,3,0.009088026,renewable,solar,SEN,
LIMA_FV,3,0.009088026,renewable,solar,SEN,
DON_MARTIN_FV,2.8,0.009088026,renewable,solar,SEN,
RIO_PEUCO_FV,2.8,0.009088026,renewable,solar,SEN,
ENCINO_FV,2.6,0.009088026,renewable,solar,SEN,
ELENA_FV,67.5,0.007652094,renewable,solar,SEN,
LO_CHACON_FV,3,0.007652094,renewable,solar,SEN,
MAIKONO_FV,3,0.009088026,renewable,solar,SEN,
ANDES_2B_FV,180,0.009088026,renewable,solar,SEN,
EL_CUERVO_FV,3,0.007652094,renewable,solar,SEN,
GOLONDRINAS_FV,9,0.007652094,renewable,solar,SEN,
HUAQUELON_FV,9,0.007652094,renewable,solar,SEN,
JACARANDA_FV,3,0.007652094,renewable,solar,SEN,
LINARES_VDN_FV,3,0.007652094,renewable,solar,SEN,
NEWENTUN_FV,6,0.007652094,renewable,solar,SEN,
PIDUCO_FV,3,0.007652094,renewable,solar,SEN,
SAN_ANTONIO_MALVILLA_FV,3,0.007652094,renewable,solar,SEN,
TAMARAMA_FV,9,0.007652094,renewable,solar,SEN,
CENTAURO_FV,9,0.007652094,renewable,solar,SEN,
CHICAUMA_VERANO_FV,9,0.007652094,renewable,solar,SEN,
CORRALES_DEL_VERANO_FV,9,0.007652094,renewable,solar,SEN,
FUSTER_DEL_VERANO_FV,9,0.007652094,renewable,solar,SEN,
PANGUILEMO_FV,2.9,0.007652094,renewable,solar,SEN,
TECHOS_WATTS_FV,0.9,0.007652094,renewable,solar,SEN,
WATTS_LONQUEN_FV,0.9,0.007652094,renewable,solar,SEN,
EL_PALQUI_FV,2.8,0.007652094,renewable,solar,SEN,
PUEBLO_SECO_FV,9,0.0042,renewable,solar,SEN,
TRIGAL_FV,9,0.007652094,renewable,solar,SEN,
INGENIO_FV,9,0.007652094,renewable,solar,SEN,
PARANAL_FV,4,0.007652094,renewable,solar,SEN,
ARMAZONES_FV,5,0.007652094,renewable,solar,SEN,
LUCUMO_FV,3,0.007652094,renewable,solar,SEN,
ITAHUE_3_FV,5,0.007652094,renewable,solar,SEN,
LIQUIDAMBAR_FV,9,0.009088026,renewable,solar,SEN,
MARANON_FV,9,0.009088026,renewable,solar,SEN,
PATRICIA_VERANO_FV,9,0.007652094,renewable,solar,SEN,
ROSARIO_FV,4.9,0.007652094,renewable,solar,SEN,
VIOLETA_FV,7.3,0.007652094,renewable,solar,SEN,
EL_TRILE_FV,9,0.007652094,renewable,solar,SEN,
DON_RENATO_FV,2.9,0.007652094,renewable,solar,SEN,
QUEMADOS_FV,7,0.007652094,renewable,solar,SEN,
ALSOL_FV,9,0.007652094,renewable,solar,SEN,
BANDURRIAS_FV,1,0.007652094,renewable,solar,SEN,
EL_PERAL_FV,9,0.007652094,renewable,solar,SEN,
LA_PAZ_FV,9,0.007652094,renewable,solar,SEN,
ORILLA_DEL_MAULE_FV,6,0.009088026,renewable,solar,SEN,
ENCINA_3_FV,6,0.007652094,renewable,solar,SEN,
LA_GAMBOINA_FV,5,0.007652094,renewable,solar,SEN,
SANTA_TERESITA_FV,9,0.007652094,renewable,solar,SEN,
CHAMPA_FV,7.6,0.007652094,renewable,solar,SEN,
ERMITA_VERANO_FV,8.7,0.007652094,renewable,solar,SEN,
LAS_BANDURRIAS_FV,3,0.007652094,renewable,solar,SEN,
EL_CARDENAL_FV,3,0.007652094,renewable,solar,SEN,
TACNA_FV,9,0.007652094,renewable,solar,SEN,
EL_CONQUISTADOR_FV,2.5,0.007652094,renewable,solar,SEN,
PENCAHUE_FV,9,0.009088026,renewable,solar,SEN,
QUEBRADA_DE_TALCA_FV,9,0.009088026,renewable,solar,SEN,
ANGAMOS_FV,9,0.009088026,renewable,solar,SEN,
CORSO_FV,9,0.009088026,renewable,solar,SEN,
CHACAICO_FV,9,0.009088026,renewable,solar,SEN,
FUNDO_SAN_ISIDRO_FV,9,0.0121299,renewable,solar,SEN,
LA_VENDIMIA_FV,9,0.009088026,renewable,solar,SEN,
MARIA_DOLORES_FV,9,0.009088026,renewable,solar,SEN,
MAULE_FV,9,0.009088026,renewable,solar,SEN,
QUILVO_FV,9,0.009088026,renewable,solar,SEN,
YUNGAY_2_TRILALEO_FV,9,0.009088026,renewable,solar,SEN,
PVP_CHINCHORRO_FV,9,0.009088026,renewable,solar,SEN,
MULCHEN_SANTA_BARBARA_FV,9,0.009088026,renewable,solar,SEN,
PVP_SANTA_REBECA_FV,8.9,0.009088026,renewable,solar,SEN,
SANTA_PAMELA_FV,7.7,0.009088026,renewable,solar,SEN,
SANTA_LUCIA_FV,6.9,0.009088026,renewable,solar,SEN,
CLEMENTINA_SOLAR_FV,6,0.009088026,renewable,solar,SEN,
SANTA_EULALIA_FV,5.5,0.009088026,renewable,solar,SEN,
SC_FLOR_DEL_LLANO_FV,4.9,0.009088026,renewable,solar,SEN,
PARQUE_MARGARITA_FV,3.9,0.007652094,renewable,solar,SEN,
OLIVIER_FV,3,0.009088026,renewable,solar,SEN,
CAUQUENES_PILEN_BIS_FV,3,0.009088026,renewable,solar,SEN,
LA_HUERTA_FV,3,0.009088026,renewable,solar,SEN,
POMUYETO_SOLAR_FV,3,0.009088026,renewable,solar,SEN,
ORQUIDEA_FV,3,0.009088026,renewable,solar,SEN,
PELUMPEN_FV,2.9,0.009088026,renewable,solar,SEN,
PUEBLO_HUNDIDO_FV,2.8,0.009088026,renewable,solar,SEN,
PARQUE_ROMA_FV,2.8,0.009088026,renewable,solar,SEN,
COYUNCHE_FV,2.7,0.009088026,renewable,solar,SEN,
EL_LORETO_FV,2.7,0.009088026,renewable,solar,SEN,
DON_MATIAS_FV,2.7,0.009088026,renewable,solar,SEN,
BELLOTO_B_FV,2.7,0.009088026,renewable,solar,SEN,
DONA_IGNA_FV,2.2,0.009088026,renewable,solar,SEN,
JILGUERO_FV,1.7,0.009088026,renewable,solar,SEN,
SOY_SOLAR_FV,3,0.009088026,renewable,solar,SEN,
LA_QUINTA_SOL_SUR_FV,9,0.004497,renewable,solar,SEN,
BULNES_FV,9,0.009088026,renewable,solar,SEN,
MONTE_VERANO_FV,9,0.009088026,renewable,solar,SEN,
DON_CHACHO_FV,8.1,0.009088026,renewable,solar,SEN,
TIJERAL_FV,3,0.009088026,renewable,solar,SEN,
CHILLAN_SAN_CARLOS_2_FV,3,0.009088026,renewable,solar,SEN,
ALBATROS_FV,1.3,0.009088026,renewable,solar,SEN,
LOS_HUERTOS_FV,9,0.007652094,renewable,solar,SEN,
AGUAS_CLARAS_FV,9,0.009088026,renewable,solar,SEN,
DON_OSCAR_FV,9,0.009088026,renewable,solar,SEN,
RAMIREZ_VERANO_FV,3,0.009088026,renewable,solar,SEN,
DONA_BERTA_FV,2.8,0.009088026,renewable,solar,SEN,
TOLEDO_2_FV,9,0.009088026,renewable,solar,SEN,
FAROL_FV,9,0.009088026,renewable,solar,SEN,
SAN_RAMON_FV,9,0.009088026,renewable,solar,SEN,
MAITENLAHUE_FV,2.9,0.009088026,renewable,solar,SEN,
BLU_FV,4.8,0.007652094,renewable,solar,SEN,
RUCAPAINE_FV,9,0.007652094,renewable,solar,SEN,
SAN_FRANCISCO_PARRAL_FV,2.5,0.007652094,renewable,solar,SEN,
SAMO_BAJO_FV,2.8,0.007652094,renewable,solar,SEN,
JARDIN_SOLAR_PETORCA_FV,9,0.007652094,renewable,solar,SEN,
KALI_FV,2.7,0.007652094,renewable,solar,SEN,
INDEPENDENCIA_2_FV,2.7,0.009088026,renewable,solar,SEN,
AVELLANO_FV,6,0.007652094,renewable,solar,SEN,
LA_PENA_FV,8,0.009088026,renewable,solar,SEN,
SAN_EUGENIO_FV,9,0.007652094,renewable,solar,SEN,
MAIMALICAN_FV,9,0.007652094,renewable,solar,SEN,
LO_MIGUEL_FV,9,0.007652094,renewable,solar,SEN,
JOTABECHE_FV,9,0.007652094,renewable,solar,SEN,
SANTA_MARTA_FV,5.8,0.007652094,renewable,solar,SEN,
PARRONAL_2_FV,9,0.009088026,renewable,solar,SEN,
HEFESTO_FV,9,0.009088026,renewable,solar,SEN,
RARI_FV,7.7,0.007652094,renewable,solar,SEN,
CHICUREO_FV,9,0.009088026,renewable,solar,SEN,
PVP_MAYOS_FV,2.3,0.009088026,renewable,solar,SEN,
EL_HALCON_FV,3,0.007652094,renewable,solar,SEN,
DOLORES_FV,9,0.007652094,renewable,solar,SEN,
SAND_SOLAR_FV,9,0.007652094,renewable,solar,SEN,
LAS_PENITAS_FV,9,0.007652094,renewable,solar,SEN,
LUCAS_FV,9,0.009088026,renewable,solar,SEN,
FINIS_TERRAE_E2_FV,18,0.007652094,renewable,solar,SEN,
FINIS_TERRAE_2_FV,126.2,0.009088026,renewable,solar,SEN,
ROQUE_FV,9,0.009088026,renewable,solar,SEN,
LIEBRE_DEL_VERANO_FV,9,0.009088026,renewable,solar,SEN,
NORTH_WEST_FV,9,0.009088026,renewable,solar,SEN,
EL_MONTE_AMP_FV,6,0.007652094,renewable,solar,SEN,
LA_PERLA_FV,5,0.009088026,renewable,solar,SEN,
HUMBERTITO_FV,5,0.009088026,renewable,solar,SEN,
EL_TURPIAL_FV,3,0.009088026,renewable,solar,SEN,
CHILLAN_HUAMBALI_HIPER_FV,3,0.009088026,renewable,solar,SEN,
LA_QUINTRALA_FV,0.9,0.009088026,renewable,solar,SEN,
CIPRES_FV,9,0.007652094,renewable,solar,SEN,
RAULI_FV,9,0.0111,renewable,solar,SEN,
BARCELONA_FV,9,0.009088026,renewable,solar,SEN,
QUILMO_BULNES_FV,5.2,0.009088026,renewable,solar,SEN,
AMANECER_FV,7,0.007652094,renewable,solar,SEN,
YAHUTELA_FV,6,0.007652094,renewable,solar,SEN,
CAMILA_FV,9,0.009088026,renewable,solar,SEN,
PMG_CAUQUENES_FV,9,0.007652094,renewable,solar,SEN,
SAN_BERNARDO_FV,9,0.007652094,renewable,solar,SEN,
VILLA_LONGAVI_FV,9,0.007652094,renewable,solar,SEN,
PALERMO_FV,9,0.007652094,renewable,solar,SEN,
QUILMO_FV,9,0.007652094,renewable,solar,SEN,
EL_MANZANO_FV,87,0.007652094,renewable,solar,SEN,
VENEZIA_FV,9,0.009088026,renewable,solar,SEN,
VELASCO_FV,5,0.009088026,renewable,solar,SEN,
SAN_ANTONIO_1_FV,4,0.007652094,renewable,solar,SEN,
PENON_FV,9,0.009088026,renewable,solar,SEN,
LLANCAY_FV,9,0.007652094,renewable,solar,SEN,
SANTA_BARBARA_FV,9,0.009088026,renewable,solar,SEN,
CHANAR_VERANO_FV,3,0.009088026,renewable,solar,SEN,
SOFIA_FV,2.4,0.009088026,renewable,solar,SEN,
ALAMEDA_FV,9,0.009088026,renewable,solar,SEN,
CONCORDE_FV,6,0.007652094,renewable,solar,SEN,
WILLKA_FV,98,0.007652094,renewable,solar,SEN,
MONTENEGRO_SOLAR_FV,9,0.009088026,renewable,solar,SEN,
GABARDO_AMP_FV,6,0.009088026,renewable,solar,SEN,
LAS_LOICAS_FV,3,0.009088026,renewable,solar,SEN,
CAITI_FV,3,0.009088026,renewable,solar,SEN,
COTORRA_FV,3,0.009088026,renewable,solar,SEN,
SAN_SERAPIO_FV,9,0.009088026,renewable,solar,SEN,
COLLANCO_FV,9,0.009088026,renewable,solar,SEN,
GRAN_TENO_FV,200,0.009088026,renewable,solar,SEN,
LOS_NOGALES_FV,9,0.009088026,renewable,solar,SEN,
PATAGUILLA_FV,9,0.009088026,renewable,solar,SEN,
EMILIA_FV,3.8,0.009088026,renewable,solar,SEN,
CINTAC_FV,2.5,0.0111189,renewable,solar,SEN,
BRAMADA_FV,9,0.007652094,renewable,solar,SEN,
CARACOLES_FV,2.7,0.007652094,renewable,solar,SEN,
LOCKMA_FV,9,0.007652094,renewable,solar,SEN,
COINCO_FV,2.8,0.007652094,renewable,solar,SEN,
TRAVESIA_FV,9,0.009088026,renewable,solar,SEN,
OLIVIA_FV,3,0.009088026,renewable,solar,SEN,
CEME1_FV,350,0.007652094,renewable,solar,SEN,
DONA_VICTORIA_FV,2.8,0.007652094,renewable,solar,SEN,
EL_RACO_FV,2.9,0.007652094,renewable,solar,SEN,
FALCON_FV,2.9,0.007652094,renewable,solar,SEN,
LGS_FV,3,0.007652094,renewable,solar,SEN,
LINARES_SAN_ANTONIO_FV,2.9,0.007652094,renewable,solar,SEN,
NANCO_FV,2.8,0.007652094,renewable,solar,SEN,
QUILLEN_FV,2.8,0.007652094,renewable,solar,SEN,
RANGUIL_NORTE_FV,2.9,0.007652094,renewable,solar,SEN,
SALAMANCA_FV,2.9,0.007652094,renewable,solar,SEN,
SGT_CHOLGUAN_FV,2.2,0.007652094,renewable,solar,SEN,
SGT_TUCAPEL_FV,6.8,0.007652094,renewable,solar,SEN,
CANCURA_2_FV,2.8,0.007652094,renewable,solar,SEN,
PENAFLOR_1_FV,2.5,0.007652094,renewable,solar,SEN,
RUCASOL_FV,9,0.007652094,renewable,solar,SEN,
UTFSM_SAN_JOAQUIN_FV,0.1,0.007652094,renewable,solar,SEN,
UTFSM_VALPARAISO_FV,0.1,0.007652094,renewable,solar,SEN,
ANUNUCA_DEL_VERANO_FV,3,0.007652094,renewable,solar,SEN,
LOMA_TENDIDA_DEL_VERANO_FV,3,0.007652094,renewable,solar,SEN,
BARRANCON_FV,9,0.007652094,renewable,solar,SEN,
ALGARROBO_V_FV,3,0.007652094,renewable,solar,SEN,
LOS_TOLDOS_FV,3,0.007652094,renewable,solar,SEN,
SANTA_JULIA_ANDINA_FV,9,0.0111189,renewable,solar,SEN,
LA_BRUJULA_FV,2.9,0.007652094,renewable,solar,SEN,
TUTUVEN_FV,9,0.007652094,renewable,solar,SEN,
ARICA_FV,9,0.007652094,renewable,solar,SEN,
ESTANCILLA_FV,2.9,0.0111189,renewable,solar,SEN,
LLUTA_SOLAR_FV,2.7,0.007652094,renewable,solar,SEN,
PANGUI_FV,9,0.007652094,renewable,solar,SEN,
LINARES_FV,1.5,0.007652094,renewable,solar,SEN,
GAVIOTIN_FV,9,0.007652094,renewable,solar,SEN,
RIMINI_SOLAR_FV,9,0.009088026,renewable,solar,SEN,
SANTA_EUGENIA_FV,2.9,0.007652094,renewable,solar,SEN,
SIETE_COLORES_AMP_FV,6,0.007652094,renewable,solar,SEN,
DON_GERARDO_FV,2.8,0.007652094,renewable,solar,SEN,
DINAMO_FV,2.9,0.007652094,renewable,solar,SEN,
SIETE_COLORES_FV,3,0.007652094,renewable,solar,SEN,
PVP_LA_ROSA_FV,5.3,0.007652094,renewable,solar,SEN,
ALHUE_SUNLIGHT_FV,9,0.009088026,renewable,solar,SEN,
PELLIN_FV,9,0.007652094,renewable,solar,SEN,
SAN_YOLANDO_FV,9,0.007652094,renewable,solar,SEN,
VACCARO_FV,9,0.007652094,renewable,solar,SEN,
PARQUE_DEL_SOL_FV,9,0.007652094,renewable,solar,SEN,
PLAZA_SUNLIGHT_FV,9,0.009088026,renewable,solar,SEN,
LIRIOS_FV,9,0.009088026,renewable,solar,SEN,
ANDROMEDA_FV,9,0.009088026,renewable,solar,SEN,
SANTA_INES_SUNRAY_FV,8,0.009088026,renewable,solar,SEN,
TALAGANTE_2_FV,7,0.009088026,renewable,solar,SEN,
VILLA_2_FV,6,0.009088026,renewable,solar,SEN,
TARA_FV,6,0.009088026,renewable,solar,SEN,
ELVIRA_7_FV,5,0.009088026,renewable,solar,SEN,
ELVIRA_7B_FV,4,0.009088026,renewable,solar,SEN,
PESARO_FV,3,0.009088026,renewable,solar,SEN,
LINARES_2_FV,3,0.007652094,renewable,solar,SEN,
RENAICO_1_FV,3,0.009088026,renewable,solar,SEN,
HIJUELA_FV,3,0.009088026,renewable,solar,SEN,
HURTADO_FV,2.7,0.009088026,renewable,solar,SEN,
ANTONIA_PENON_FV,2.7,0.009088026,renewable,solar,SEN,
PARQUE_QUILLECO_FV,2.7,0.009088026,renewable,solar,SEN,
SANTA_BLANCA_ISLA_MAIPO_FV,2.4,0.009088026,renewable,solar,SEN,
PVP_LA_ROSA_AMP_FV,0.7,0.009088026,renewable,solar,SEN,
CALDERAZA_FV,9,0.007652094,renewable,solar,SEN,
MAKOHE_FV,9,0.009088026,renewable,solar,SEN,
ALTO_BELLAVISTA_SUN_FV,7.9,0.009088026,renewable,solar,SEN,
RENGO_FV,7,0.009088026,renewable,solar,SEN,
ARTEMISA_FV,3,0.009088026,renewable,solar,SEN,
ZORZAL_FV,3,0.007652094,renewable,solar,SEN,
LOTHAR_FV,3,0.009088026,renewable,solar,SEN,
SIRIMAVO_FV,3,0.009088026,renewable,solar,SEN,
SAN_EDUARDO_FV,2.7,0.009088026,renewable,solar,SEN,
SANTA_MARTITA_FV,2.7,0.009088026,renewable,solar,SEN,
INTERLOCUTOR_FV,2.7,0.009088026,renewable,solar,SEN,
EL_CHERCAN_FV,9,0.007652094,renewable,solar,SEN,
SAN_RAFAEL_2_FV,3,0.007652094,renewable,solar,SEN,
LAJA_FV,9,0.007652094,renewable,solar,SEN,
GUINDO_SANTO_FV,9,0.007652094,renewable,solar,SEN,
PEUMO_FV,9,0.0111,renewable,solar,SEN,
CHILOE_FV,9,0.009088026,renewable,solar,SEN,
NUMPAY_FV,9,0.009088026,renewable,solar,SEN,
RIO_MAULE_FV,9,0.009088026,renewable,solar,SEN,
ALHUE_A3_FV,3,0.007652094,renewable,solar,SEN,
SAN_PEDRO_D_FV,3,0.0040712,renewable,solar,SEN,
PVP_UNIHUE_FV,2.7,0.009088026,renewable,solar,SEN,
MIRADOR_LEON_FV,2.7,0.009088026,renewable,solar,SEN,
TURQUIA_FV,1.5,0.009088026,renewable,solar,SEN,
EL_NANDU_FV,3,0.007652094,renewable,solar,SEN,
CODORNIZ_FV,3,0.007652094,renewable,solar,SEN,
QUEBRADA_DEL_SOL_FV,2.8,0.007652094,renewable,solar,SEN,
SAN_ALBERTO_FV,9,0.007652094,renewable,solar,SEN,
BELEN_FV,6,0.007652094,renewable,solar,SEN,
BUENAVENTURA_FV,9,0.007652094,renewable,solar,SEN,
SGT_CATAPILCO_FV,9,0.009088026,renewable,solar,SEN,
LUN_FV,9,0.009088026,renewable,solar,SEN,
FENIX_FV,9,0.009088026,renewable,solar,SEN,
COIHUE_FV,9,0.009088026,renewable,solar,SEN,
MIRACEA_FV,9,0.009088026,renewable,solar,SEN,
EL_LORO_CHOROY_FV,9,0.009088026,renewable,solar,SEN,
EL_MANZANO_2_FV,6,0.009088026,renewable,solar,SEN,
TEPU_FV,6,0.009088026,renewable,solar,SEN,
LAS_CHILCAS_FV,9,0.007652094,renewable,solar,SEN,
PICHIDANGUI_FV,9,0.009088026,renewable,solar,SEN,
SG_INES_MONTANA_FV,9,0.009088026,renewable,solar,SEN,
EL_PELICANO_CERRILLOS_FV,3,0.009088026,renewable,solar,SEN,
FONTANA_VERANO_FV,3,0.009088026,renewable,solar,SEN,
LOROS_TRICAHUES_FV,3,0.009088026,renewable,solar,SEN,
MARTIN_PESCADOR_FV,3,0.009088026,renewable,solar,SEN,
BECACINA_FV,3,0.009088026,renewable,solar,SEN,
SIERRA_SOLEADA_FV,9,0.009088026,renewable,solar,SEN,
GENOVA_FV,9,0.009088026,renewable,solar,SEN,
SAN_FRANCISCO_5_FV,6,0.0244362,renewable,solar,SEN,
MACAO_FV,9,0.009088026,renewable,solar,SEN,
TENO_3_FV,3,0.009088026,renewable,solar,SEN,
SALAMANCA_SOLAR_FV,9,0.009088026,renewable,solar,SEN,
ALCAZAR_FV,9,0.009088026,renewable,solar,SEN,
MICHILLA_FV,9,0.009088026,renewable,solar,SEN,
FRANGEL_FV,9,0.009088026,renewable,solar,SEN,
CALEU_FV,9,0.009088026,renewable,solar,SEN,
SOL_DE_VALLENAR_FV,100,0.009088026,renewable,solar,SEN,
EL_RAYADOR_FV,9,0.007652094,renewable,solar,SEN,
MAUCO_2_FV,3,0.009088026,renewable,solar,SEN,
LINCURA_FV,9,0.009088026,renewable,solar,SEN,
CE_CANTERAS_FV,9,0.009088026,renewable,solar,SEN,
EL_MANZANO_HUECHUN_FV,9,0.009088026,renewable,solar,SEN,
TARWI_FV,9,0.009088026,renewable,solar,SEN,
CKONTOR_FV,9,0.009088026,renewable,solar,SEN,
SAN_ANTONIO_SUNLIGHT_FV,7.2,0.009088026,renewable,solar,SEN,
ENAMI_FV,5.4,0.009088026,renewable,solar,SEN,
ALPHA_FV,0.8,0.009088026,renewable,solar,SEN,
ALDEBARAN_FV,6,0.007652094,renewable,solar,SEN,
CERES_FV,9,0.007652094,renewable,solar,SEN,
PICHON_FV,3,0.007652094,renewable,solar,SEN,
MALLOCO_FV,9,0.007652094,renewable,solar,SEN,
CHEQUEN_FV,9,0.009088026,renewable,solar,SEN,
COLIBRI_FV,9,0.009088026,renewable,solar,SEN,
SOLFERINO_SOLAR_FV,9,0.009088026,renewable,solar,SEN,
LARQUI_SOLAR_FV,9,0.009088026,renewable,solar,SEN,
PATAGUA_8_FV,9,0.009088026,renewable,solar,SEN,
AMANCAY_FV,9,0.009088026,renewable,solar,SEN,
CONDOR_LIGUA_2_FV,6,0.009088026,renewable,solar,SEN,
MANO_FV,3,0.009088026,renewable,solar,SEN,
MOMO_FV,3,0.009088026,renewable,solar,SEN,
VERONA_FV,3,0.009088026,renewable,solar,SEN,
EA_SF_PICHILEMU_FV,3,0.009088026,renewable,solar,SEN,
QUILAPILAN_FV,2.9,0.001,renewable,solar,SEN,
EL_CARPINTERO_FV,8.5,0.007652094,renewable,solar,SEN,
AYLA_FV,9,0.007652094,renewable,solar,SEN,
DONA_ANTONIA_FV,75,0.007652094,renewable,solar,SEN,
TAMARICO_FV,144.7,0.007652094,renewable,solar,SEN,
SOL_DE_VALLENAR_FASE_2_FV,250,0.007652094,renewable,solar,SEN,
PARQUE_ESTELAR_1_FV,3,0.009088026,renewable,solar,SEN,
LEN_FV,9,0.009088026,renewable,solar,SEN,
PERSEFONE_SOLAR_FV,9,0.009088026,renewable,solar,SEN,
CABIMAS_FV,9,0.009088026,renewable,solar,SEN,
ESPEJO_FV,9,0.009088026,renewable,solar,SEN,
MALLOA_SUNLIGHT_FV,9,0.009088026,renewable,solar,SEN,
PEQUEN_CHOLGUAN_FV,9,0.009088026,renewable,solar,SEN,
LIRIOS_DE_CHUMAQUITO_FV,8.5,0.009088026,renewable,solar,SEN,
CONDOR_MINILLAS_2_FV,3,0.009088026,renewable,solar,SEN,
CANQUEN_FV,3,0.009088026,renewable,solar,SEN,
VALLE_ALEGRE_FV,2.8,0.009088026,renewable,solar,SEN,
CATO_FV,2.6,0.009088026,renewable,solar,SEN,
DONA_REGINA_FV,2.6,0.009088026,renewable,solar,SEN,
TES_SOLAR_FV,2.6,0.009088026,renewable,solar,SEN,
CALDERA_FV,9,0.007652094,renewable,solar,SEN,
DIEGO_DE_ALMAGRO_2_FV,9,0.007652094,renewable,solar,SEN,
SAN_VICENTE_TT_P1_FV,9,0.007652094,renewable,solar,SEN,
CHUNGUNGO_FV,9,0.009088026,renewable,solar,SEN,
VINEDOS_FV,6,0.009088026,renewable,solar,SEN,
ARENISCA_FV,3,0.009088026,renewable,solar,SEN,
LAS_HORTENCIAS_FV,3,0.009088026,renewable,solar,SEN,
GARZAS_FV,3,0.009088026,renewable,solar,SEN,
DONA_RUBENA_FV,3,0.009088026,renewable,solar,SEN,
EA_MAITEN_FV,3,0.009088026,renewable,solar,SEN,
EL_CANELO_3_FV,3,0.009088026,renewable,solar,SEN,
PIRINCHO_FV,3,0.009088026,renewable,solar,SEN,
CHILLAN_VICENTE_MENDEZ_FV,3,0.009088026,renewable,solar,SEN,
FOTOVOLTAICA_ESMERALDA_FV,3,0.009088026,renewable,solar,SEN,
SAGRADA_FAMILIA_FORTUNA_15_FV,3,0.009088026,renewable,solar,SEN,
EA_SF_GRANEROS_FV,3,0.009088026,renewable,solar,SEN,
R_INE_A_FV,2.6,0.009088026,renewable,solar,SEN,
TALAGANTE_1_FV,1.2,0.009088026,renewable,solar,SEN,
EL_MIRLO_FV,9,0.007652094,renewable,solar,SEN,
LOS_CISNES_FV,6,0.007652094,renewable,solar,SEN,
RCU_FV,6,0.007652094,renewable,solar,SEN,
LAS_GAVIOTAS_FV,3,0.007652094,renewable,solar,SEN,
LOS_PLUMEROS_FV,3,0.009088026,renewable,solar,SEN,
BALLOTA_FV,6,0.009088026,renewable,solar,SEN,
WARAIRA_FV,2.8,0.009088026,renewable,solar,SEN,
PARQUE_SANTA_LUISA_FV,9,0.007652094,renewable,solar,SEN,
MARGARITA_SOLAR_FV,9,0.009088026,renewable,solar,SEN,
DON_SIMON_FV,7,0.009088026,renewable,solar,SEN,
MACARENA_FV,3,0.009088026,renewable,solar,SEN,
MORA_FV,3,0.009088026,renewable,solar,SEN,
CALICHE_FV,9,0.009088026,renewable,solar,SEN,
EL_CAIQUEN_FV,9,0.007652094,renewable,solar,SEN,
LA_PERLA_DEL_NORTE_FV,9,0.007652094,renewable,solar,SEN,
LAS_TAGUAS_FV,9,0.007652094,renewable,solar,SEN,
ANDES_4_FV,130,0.009088026,renewable,solar,SEN,
VIOLETA_LAUTARO_FV,9,0.009088026,renewable,solar,SEN,
IMPERIAL_FV,9,0.007652094,renewable,solar,SEN,
EL_PARRA_SOLAR_FV,9,0.009088026,renewable,solar,SEN,
YELLOWSTONE_1_FV,3.5,0.009088026,renewable,solar,SEN,
CANELILLO_LONCOCHE_FV,9,0.009088026,renewable,solar,SEN,
MIRADOR_FV,6,0.009088026,renewable,solar,SEN,
POROTA_FV,6,0.009088026,renewable,solar,SEN,
CHAPIN_FV,3,0.009088026,renewable,solar,SEN,
CHILCA_FV,3,0.009088026,renewable,solar,SEN,
CHILLAN_CONFLUENCIA_3_FV,3,0.009088026,renewable,solar,SEN,
LA_SIERRA_FV,9,0.007652094,renewable,solar,SEN,
PUNTA_DEL_VIENTO_FV,165,0.007652094,renewable,solar,SEN,
ROSA_DE_SHARON_FV,6,0.009088026,renewable,solar,SEN,
DRUX_2_FV,9,0.009088026,renewable,solar,SEN,
CAUCE_FV,9,0.009088026,renewable,solar,SEN,
LINCE_FV,9,0.009088026,renewable,solar,SEN,
ITAHUE_FV,7.5,0.009088026,renewable,solar,SEN,
SAN_FRANCISCO_PLANTAS_FV,9,0.009088026,renewable,solar,SEN,
QUEBRADA_DEL_SOL_SING_FV,7.6,0.007652094,renewable,solar,SEN,
ZATURNO_FV,9,0.009088026,renewable,solar,SEN,
CONTY_FV,8.2,0.009088026,renewable,solar,SEN,
ESMERALDA_6_FV,6,0.009088026,renewable,solar,SEN,
ATACALCO_1_FV,3,0.009088026,renewable,solar,SEN,
TOPACIO_FV,3,0.009088026,renewable,solar,SEN,
TARUCA_FV,9,0.007652094,renewable,solar,SEN,
EL_TRIUNFO_FV,9,0.009088026,renewable,solar,SEN,
VICHUQUEN_SANTA_ELENA_FV,9,0.009088026,renewable,solar,SEN,
YELLOWSTONE_2_FV,3.5,0.009088026,renewable,solar,SEN,
LAS_TABLAS_FV,9,0.009088026,renewable,solar,SEN,
MILLAHUE_FV,9,0.009088026,renewable,solar,SEN,
SAN_MARCOS_FV,2.9,0.007652094,renewable,solar,SEN,
CAIMANES_FV,9,0.009088026,renewable,solar,SEN,
ARREBOL_FV,9,0.009088026,renewable,solar,SEN,
TABOLANGO_FV,9,0.009088026,renewable,solar,SEN,
PAIHUEN_FV,9,0.009088026,renewable,solar,SEN,
EL_CARAMELO_FV,9,0.009088026,renewable,solar,SEN,
LIBERTAD_2_FV,122,0.009088026,renewable,solar,SEN,
LIBERTAD_1_FV,122,0.009088026,renewable,solar,SEN,
EL_RANCHILLO_FV,9,0.007652094,renewable,solar,SEN,
LIRIO_SOLAR_FV,9,0.009088026,renewable,solar,SEN,
CERESUELA_FV,9,0.007652094,renewable,solar,SEN,
LA_SIERRA_2_FV,9,0.007652094,renewable,solar,SEN,
CHAGUAL_FV,9,0.009088026,renewable,solar,SEN,
SOL_DEL_MAULE_FV,2.5,0.009088026,renewable,solar,SEN,
CONDOR_LO_CHACON_2_FV,3,0.007652094,renewable,solar,SEN,
ALIANZA_FV,9,0.009088026,renewable,solar,SEN,
LOS_MORROS_1_FV,0.9,0.009088026,renewable,solar,SEN,
CONDOR_CHEPICA_ETAPA_2_FV,3,0.007652094,renewable,solar,SEN,
ANGOL_1_FV,2.9,0.007652094,renewable,solar,SEN,
LOS_SAUCES_2_FV,3,0.007652094,renewable,solar,SEN,
LOS_SAUCES_1_FV,3,0.007652094,renewable,solar,SEN,
RENAICO_3_FV,3,0.007652094,renewable,solar,SEN,
COLINA_FV,9,0.009088026,renewable,solar,SEN,
ISIS_FV,9,0.009088026,renewable,solar,SEN,
LAS_SALINAS_E1_FV,58.6,0.007652094,renewable,solar,SEN,
BELENOS_TILTIL_FV,9,0.009088026,renewable,solar,SEN,
LAS_SALINAS_E2_FV,122.8,0.007652094,renewable,solar,SEN,
LAS_SALINAS_E3_FV,34.8,0.007652094,renewable,solar,SEN,
ANDES_2B_AMP_FV,17,0.009088026,renewable,solar,SEN,
FITO_3_FV,3,0.009088026,renewable,solar,SEN,
TRES_AGUAS,6.8,0.009088026,renewable,solar,SEN,
ROMERIA_FV,9,0.009088026,renewable,solar,SEN,
PLAYERON_FV,3,0.009088026,renewable,solar,SEN,
SAN_EMILIO_1_FV,3,0.007652094,renewable,solar,SEN,
LAS_SALINAS_E4_FV,93.5,0.007652094,renewable,solar,SEN,
LAS_SALINAS_E5_FV,30.1,0.007652094,renewable,solar,SEN,
LAS_SALINAS_E6_FV,24.2,0.007652094,renewable,solar,SEN,
ABASTIBLE_CONCON_FV,0.1,0.009088026,renewable,solar,SEN,
LEYDA_FV,80,0.009088026,renewable,solar,SEN,
AURORA_FV,187,0.009088026,renewable,solar,SEN,
Zaldivar FV-BESS,250,0.009088026,renewable,solar,SEN,
Tirana Oeste,120,0.007652094,renewable,solar,SEN,
Loncualhue,187,0.003183869,renewable,wind,SEN,
SOL_DEL_LOA_ETAPA_I_FV,110,0.009088026,renewable,solar,SEN,
SOL_DEL_LOA_ETAPA_II_FV,190,0.009088026,renewable,solar,SEN,
Socompa,250,0.009088026,renewable,solar,SEN,
Don Carlos,196,0.009088026,renewable,solar,SEN,
Japeado,180,0.009088026,renewable,solar,SEN,
Pica,100,0.0659082,renewable,solar,SEN,
Tres Cruces,116,0.009088026,renewable,solar,SEN,
Tagua Tagua,160,0.009088026,renewable,solar,SEN,
San Andres,120,0.014806854,renewable,wind,SEN,
Vientos del Lago,125,0.004197068,renewable,wind,SEN,
BESS_Alto_Jahuel_4_hrs,60.1,0.02,ESS,ESS,SEN,
BESS_Ancoa_220_4_hrs,64.9,0.02,ESS,ESS,SEN,
BESS_Atacama_4_hrs,286.4,0.02,ESS,ESS,SEN,
BESS_Cardones_4_hrs,303,0.02,ESS,ESS,SEN,
BESS_Cerro_Navia-Lo_Aguirre_4_hrs,66.6,0.02,ESS,ESS,SEN,
BESS_Chacaya_4_hrs,312.2,0.02,ESS,ESS,SEN,
BESS_Colbun_220_4_hrs,81.2,0.02,ESS,ESS,SEN,
BESS_Collahuasi_4_hrs,1271.8,0.02,ESS,ESS,SEN,
BESS_Crucero-Encuentro_4_hrs,651.7,0.02,ESS,ESS,SEN,
BESS_Cumbre_4_hrs,287.1,0.02,ESS,ESS,SEN,
BESS_Diego_de_Almagro_4_hrs,1312.3,0.02,ESS,ESS,SEN,
BESS_Itahue_4_hrs,66.3,0.02,ESS,ESS,SEN,
BESS_Kapatur_4_hrs,291.6,0.02,ESS,ESS,SEN,
BESS_Laberinto-ElCobre_4_hrs,312.6,0.02,ESS,ESS,SEN,
BESS_Lagunas_4_hrs,648.9,0.02,ESS,ESS,SEN,
BESS_Las_Palmas_4_hrs,69.7,0.02,ESS,ESS,SEN,
BESS_Los_Changos 220_4_hrs,280.6,0.02,ESS,ESS,SEN,
BESS_Los_Changos 500_4_hrs,297.6,0.02,ESS,ESS,SEN,
BESS_Maitencillo_4_hrs,45.6,0.02,ESS,ESS,SEN,
BESS_Nogales_4_hrs,69.4,0.02,ESS,ESS,SEN,
BESS_Nueva Pelambres_4_hrs,51.4,0.02,ESS,ESS,SEN,
BESS_Nva Zaldivar_4_hrs,293.7,0.02,ESS,ESS,SEN,
BESS_Ohiggins_4_hrs,278.3,0.02,ESS,ESS,SEN,
BESS_Pan_de_Azucar_4_hrs,45.3,0.02,ESS,ESS,SEN,
BESS_Parinas_4_hrs,286.4,0.02,ESS,ESS,SEN,
BESS_Pichirropulli_4_hrs,13.5,0.02,ESS,ESS,SEN,
BESS_Polpaico_4_hrs,71.1,0.02,ESS,ESS,SEN,
BESS_PtaSierra_4_hrs,63.4,0.02,ESS,ESS,SEN,
BESS_Puerto_Montt_4_hrs,48.5,0.02,ESS,ESS,SEN,
BESS_Punta_Colorada_4_hrs,39,0.02,ESS,ESS,SEN,
BESS_Quillagua_4_hrs,649,0.02,ESS,ESS,SEN,
BESS_Quillota_4_hrs,70.5,0.02,ESS,ESS,SEN,
BESS_Rahue_4_hrs,136.3,0.02,ESS,ESS,SEN,
BESS_Tarapaca_4_hrs,1080.1,0.02,ESS,ESS,SEN,
BESS_Tinguiririca_4_hrs,69.7,0.02,ESS,ESS,SEN,
BESS_Valdivia-Ciruelos_4_hrs,0,0.02,ESS,ESS,SEN,
bombeo_Crucero-Encuentro,520,0.02,ESS,ESS,SEN,
bombeo_Cumbre,490,0.02,ESS,ESS,SEN,
bombeo_Los_Changos 500,420,0.02,ESS,ESS,SEN,
CAES_Cardones48hrs,60,0.02,ESS,ESS,SEN,
CAES_Crucero-Encuentro48hrs,180,0.02,ESS,ESS,SEN,
CAES_Cumbre48hrs,212,0.02,ESS,ESS,SEN,
CAES_Lagunas48hrs,180,0.02,ESS,ESS,SEN,
CAES_Los_Changos 50048hrs,156,0.02,ESS,ESS,SEN,
FV_Ancoa01,0,0.009088026,renewable,solar,SEN,
FV_Cardones01,609,0.009088026,renewable,solar,SEN,
FV_Charrua01,0,0.009088026,renewable,solar,SEN,
FV_Chuquicamata03,7797.5,0.009088026,renewable,solar,SEN,
FV_Collahuasi01,2033.5,0.009088026,renewable,solar,SEN,
FV_Cumbre01,1259,0.009088026,renewable,solar,SEN,
FV_DAlmagro01,0,0.009088026,renewable,solar,SEN,
FV_Kimal01,0,0.009088026,renewable,solar,SEN,
FV_Parinacota01,1676.5,0.009088026,renewable,solar,SEN,
FV_Polpaico01,350,0.009088026,renewable,solar,SEN,
Eolica_Cautin01,81,0.004197068,renewable,wind,SEN,
Eolica_Cautin02,206.5,0.004197068,renewable,wind,SEN,
Eolica_Chiloe02,40,0.004197068,renewable,wind,SEN,
Eolica_Chiloe03,13.5,0.004197068,renewable,wind,SEN,
Eolica_Chuquicamata01,341,0.004197068,renewable,wind,SEN,
Eolica_Chuquicamata02,53,0.004197068,renewable,wind,SEN,
Eolica_Chuquicamata03,93.5,0.004197068,renewable,wind,SEN,
Eolica_Lpalmas02,709.5,0.004197068,renewable,wind,SEN,
Eolica_Mulchen01,142,0.004197068,renewable,wind,SEN,
Eolica_Mulchen07,290,0.004197068,renewable,wind,SEN,
Eolica_Pazucar01,984.5,0.004197068,renewable,wind,SEN,
Eolica_Pichirropulli01,66.5,0.004197068,renewable,wind,SEN,
Eolica_Pichirropulli04,52.5,0.004197068,renewable,wind,SEN,
Eolica_PMontt01,265.5,0.004197068,renewable,wind,SEN,
Eolica_Quillota01,59,0.004197068,renewable,wind,SEN,
Eolica_Rahue01,125.5,0.004197068,renewable,wind,SEN,
Eolica_Rahue02,382,0.004197068,renewable,wind,SEN,
Eolica_Valdivia01,58.5,0.004197068,renewable,wind,SEN,
Eolica_Valdivia02,139,0.004197068,renewable,wind,SEN,
Eolica_Valdivia03,110.5,0.004197068,renewable,wind,SEN,
Eolica_Valdivia04,84,0.004197068,renewable,wind,SEN,
Eolica_Valdivia11,0,0.004197068,renewable,wind,SEN,
Copiapo CSP,450,0.05,PVbess,PVbess,SEN,
Likana CSP,450,0.05,PVbess,PVbess,SEN,
Tamarugal CSP,240,0.05,PVbess,PVbess,SEN,
CSPF01_Kimal,400,0.05,PVbess,PVbess,SEN,
CSOLAR_CERRO_DOMINADOR,99,0.0241,PVbess,PVbess,SEN,
ESS_ANDES_2B_FV,112.5,0.04482,PVbess,PVbess,SEN,
ESS_Socompa,45,0.04482,PVbess,PVbess,SEN,
ESS_Zaldivar,35,0.04482,PVbess,PVbess,SEN,
ESS_DIEGO_ALMAGRO_SUR,8,0.04482,PVbess,PVbess,SEN,
ESS_SAN_ANDRES_FV,35,0.04482,PVbess,PVbess,SEN,
BESS Virtual Dam Alfalfal,59.25,0.002,hydro,reservoir,SEN,
